,timestamp,value,anomaly_score,label
0,2011-07-01 00:00:01,0.401048098657,0.0,0
1,2011-07-01 01:00:01,0.392718881005,0.0,0
2,2011-07-01 02:00:01,0.309996119798,0.0,0
3,2011-07-01 03:00:01,0.212938552018,0.0,0
4,2011-07-01 04:00:01,0.205800905571,0.0,0
5,2011-07-01 05:00:01,0.255867457952,0.0,0
6,2011-07-01 06:00:01,0.306630479265,0.0,0
7,2011-07-01 07:00:01,0.29600203814,0.0,0
8,2011-07-01 08:00:01,0.530440128999,0.0,0
9,2011-07-01 09:00:01,0.7902495146330001,0.0,0
10,2011-07-01 10:00:01,0.743906815883,0.0,0
11,2011-07-01 11:00:01,0.736919786741,0.0,0
12,2011-07-01 12:00:01,0.6975822433609999,0.0,0
13,2011-07-01 13:00:01,0.6873418412860001,0.0,0
14,2011-07-01 14:00:01,0.517447938078,0.0,0
15,2011-07-01 15:00:01,0.519026716424,0.0,0
16,2011-07-01 16:00:01,0.51413336812,0.0,0
17,2011-07-01 17:00:01,0.417275625868,0.0,0
18,2011-07-01 18:00:01,0.24845741212,0.0,0
19,2011-07-01 19:00:01,0.309360489543,0.0,0
20,2011-07-01 20:00:01,0.273067885947,0.0,0
21,2011-07-01 21:00:01,0.264461005442,0.0,0
22,2011-07-01 22:00:01,0.23187973727,0.0,0
23,2011-07-01 23:00:01,0.261552512902,0.0,0
24,2011-07-02 00:00:01,0.324815629448,0.0,0
25,2011-07-02 01:00:01,0.251320671322,0.0,0
26,2011-07-02 02:00:01,0.21464613516,0.0,0
27,2011-07-02 03:00:01,0.166280263697,0.0,0
28,2011-07-02 04:00:01,0.211815143689,0.0,0
29,2011-07-02 05:00:01,0.303217093576,0.0,0
30,2011-07-02 06:00:01,0.2878979686,0.0,0
31,2011-07-02 07:00:01,0.396715687694,0.0,0
32,2011-07-02 08:00:01,0.588415532379,0.0,0
33,2011-07-02 09:00:01,0.59337773192,0.0,0
34,2011-07-02 10:00:01,0.7138701159199999,0.0,0
35,2011-07-02 11:00:01,0.787525214093,0.0,0
36,2011-07-02 12:00:01,0.7369213188770001,0.0,0
37,2011-07-02 13:00:01,0.6820620443719999,0.0,0
38,2011-07-02 14:00:01,0.7226616516399998,0.0,0
39,2011-07-02 15:00:01,0.529339407129,0.0,0
40,2011-07-02 16:00:01,0.403918440491,0.0,0
41,2011-07-02 17:00:01,0.346285484196,0.0,0
42,2011-07-02 18:00:01,0.276515628398,0.0,0
43,2011-07-02 19:00:01,0.273633723983,0.0,0
44,2011-07-02 20:00:01,0.348633036515,0.0,0
45,2011-07-02 21:00:01,0.289148226997,0.0,0
46,2011-07-02 22:00:01,0.321686929479,0.0,0
47,2011-07-02 23:00:01,0.260040957735,0.0,0
48,2011-07-03 00:00:01,0.204862942608,0.0,0
49,2011-07-03 01:00:01,0.207419676118,0.0,0
50,2011-07-03 02:00:01,0.173298017129,0.0,0
51,2011-07-03 03:00:01,0.132202637198,0.0,0
52,2011-07-03 04:00:01,0.17089560971,0.0,0
53,2011-07-03 05:00:01,0.279315632688,0.0,0
54,2011-07-03 06:00:01,0.247734583438,0.0,0
55,2011-07-03 07:00:01,0.347788950248,0.0,0
56,2011-07-03 08:00:01,0.6770399894879999,0.0,0
57,2011-07-03 09:00:01,0.6285060626860001,0.0,0
58,2011-07-03 10:00:01,0.600754435803,0.0,0
59,2011-07-03 11:00:01,0.595576831487,0.0,0
60,2011-07-03 12:00:01,0.7183120442669999,0.0,0
61,2011-07-03 13:00:01,0.636428503882,0.0,0
62,2011-07-03 14:00:01,0.5614900309390001,0.0,0
63,2011-07-03 15:00:01,0.439826406276,0.0,0
64,2011-07-03 16:00:01,0.364600634261,0.0,0
65,2011-07-03 17:00:01,0.304671828772,0.0,0
66,2011-07-03 18:00:01,0.263320157909,0.0,0
67,2011-07-03 19:00:01,0.24291524883,0.0,0
68,2011-07-03 20:00:01,0.241346377957,0.0,0
69,2011-07-03 21:00:01,0.208214406325,0.0,0
70,2011-07-03 22:00:01,0.20241559894,0.0,0
71,2011-07-03 23:00:01,0.231243016929,0.0,0
72,2011-07-04 00:00:01,0.179941670478,0.0,0
73,2011-07-04 01:00:01,0.192673380292,0.0,0
74,2011-07-04 02:00:01,0.1663354721319999,0.0,0
75,2011-07-04 03:00:01,0.14227206431,0.0,0
76,2011-07-04 04:00:01,0.13035498909,0.0,0
77,2011-07-04 05:00:01,0.167021065133,0.0,0
78,2011-07-04 06:00:01,0.212676159718,0.0,0
79,2011-07-04 07:00:01,0.280531152468,0.0,0
80,2011-07-04 08:00:01,0.475011553443,0.0,0
81,2011-07-04 09:00:01,0.5441871405049999,0.0,0
82,2011-07-04 10:00:01,0.504340064024,0.0,0
83,2011-07-04 11:00:01,0.534922211188,0.0,0
84,2011-07-04 12:00:01,0.60978950038,0.0,0
85,2011-07-04 13:00:01,0.5194034792450001,0.0,0
86,2011-07-04 14:00:01,0.523303802344,0.0,0
87,2011-07-04 15:00:01,0.426077466417,0.0,0
88,2011-07-04 16:00:01,0.328359110681,0.0,0
89,2011-07-04 17:00:01,0.3501188887960001,0.0,0
90,2011-07-04 18:00:01,0.244078992995,0.0,0
91,2011-07-04 19:00:01,0.240777566013,0.0,0
92,2011-07-04 20:00:01,0.219701770288,0.0,0
93,2011-07-04 21:00:01,0.216081451577,0.0,0
94,2011-07-04 22:00:01,0.22231036663,0.0,0
95,2011-07-04 23:00:01,0.251700203323,0.0,0
96,2011-07-05 00:00:01,0.228566944935,0.0,0
97,2011-07-05 01:00:01,0.162717684817,0.0,0
98,2011-07-05 02:00:01,0.180383183189,0.0,0
99,2011-07-05 03:00:01,0.12846822497,0.0,0
100,2011-07-05 04:00:01,0.1319889041099999,0.0,0
101,2011-07-05 05:00:01,0.175684372523,0.0,0
102,2011-07-05 06:00:01,0.221543602021,0.0,0
103,2011-07-05 07:00:01,0.277728770304,0.0,0
104,2011-07-05 08:00:01,0.441068874921,0.0,0
105,2011-07-05 09:00:01,0.478228308548,0.0,0
106,2011-07-05 10:00:01,0.545594724496,0.0,0
107,2011-07-05 11:00:01,0.667490729295,0.0,0
108,2011-07-05 12:00:01,0.5435846631050001,0.0,0
109,2011-07-05 13:00:01,0.588245394138,0.0,0
110,2011-07-05 14:00:01,0.4287487440160001,0.0,0
111,2011-07-05 15:00:01,0.395360148449,0.0,0
112,2011-07-05 16:00:01,0.362225419824,0.0,0
113,2011-07-05 17:00:01,0.32167455849,0.0,0
114,2011-07-05 18:00:01,0.271341345083,0.0,0
115,2011-07-05 19:00:01,0.238122873903,0.0,0
116,2011-07-05 20:00:01,0.215218118536,0.0,0
117,2011-07-05 21:00:01,0.212734989045,0.0,0
118,2011-07-05 22:00:01,0.191313851687,0.0,0
119,2011-07-05 23:00:01,0.242111992062,0.0,0
120,2011-07-06 00:00:01,0.225081442142,0.0,0
121,2011-07-06 01:00:01,0.197461002199,0.0,0
122,2011-07-06 02:00:01,0.136700901134,0.0,0
123,2011-07-06 03:00:01,0.113719800728,0.0,0
124,2011-07-06 04:00:01,0.15875414394,0.0,0
125,2011-07-06 05:00:01,0.202746124147,0.0,0
126,2011-07-06 06:00:01,0.225718914303,0.0,0
127,2011-07-06 07:00:01,0.282354321784,0.0,0
128,2011-07-06 08:00:01,0.479532349027,0.0,0
129,2011-07-06 09:00:01,0.6451413907119999,0.0,0
130,2011-07-06 10:00:01,0.526166240452,0.0,0
131,2011-07-06 11:00:01,0.575165121144,0.0,0
132,2011-07-06 12:00:01,0.576957406548,0.0,0
133,2011-07-06 13:00:01,0.515025329115,0.0,0
134,2011-07-06 14:00:01,0.406212215185,0.0,0
135,2011-07-06 15:00:01,0.446764580432,0.0,0
136,2011-07-06 16:00:01,0.360918143496,0.0,0
137,2011-07-06 17:00:01,0.354822719712,0.0,0
138,2011-07-06 18:00:01,0.28959628398,0.0,0
139,2011-07-06 19:00:01,0.243605335426,0.0,0
140,2011-07-06 20:00:01,0.207677612716,0.0,0
141,2011-07-06 21:00:01,0.295679762953,0.0,0
142,2011-07-06 22:00:01,0.215115083297,0.0,0
143,2011-07-06 23:00:01,0.225798427437,0.0,0
144,2011-07-07 00:00:01,0.211171317162,0.0,0
145,2011-07-07 01:00:01,0.163630094284,0.0,0
146,2011-07-07 02:00:01,0.123460876016,0.0,0
147,2011-07-07 03:00:01,0.112138881944,0.0,0
148,2011-07-07 04:00:01,0.123695651232,0.0,0
149,2011-07-07 05:00:01,0.174191714264,0.0,0
150,2011-07-07 06:00:01,0.194801123896,0.0,0
151,2011-07-07 07:00:01,0.248622655329,0.0,0
152,2011-07-07 08:00:01,0.408404765219,0.0,0
153,2011-07-07 09:00:01,0.5336613445239999,0.0,0
154,2011-07-07 10:00:01,0.541734270777,0.0,0
155,2011-07-07 11:00:01,0.440232756428,0.0,0
156,2011-07-07 12:00:01,0.465434553749,0.0,0
157,2011-07-07 13:00:01,0.434325310895,0.0,0
158,2011-07-07 14:00:01,0.350176907623,0.0,0
159,2011-07-07 15:00:01,0.381217461856,0.0,0
160,2011-07-07 16:00:01,0.322961923523,0.0,0
161,2011-07-07 17:00:01,0.250851707414,0.0,0
162,2011-07-07 18:00:01,0.228276143974,0.0,0
163,2011-07-07 19:00:01,0.151708247831,0.0,0
164,2011-07-07 20:00:01,0.180537641872,0.0,0
165,2011-07-07 21:00:01,0.172451902159,0.0,0
166,2011-07-07 22:00:01,0.170809031956,0.0,0
167,2011-07-07 23:00:01,0.15733239773,0.0,0
168,2011-07-08 00:00:01,0.160795812079,0.0,0
169,2011-07-08 01:00:01,0.1467456397969999,0.0,0
170,2011-07-08 02:00:01,0.140944765148,0.0,0
171,2011-07-08 03:00:01,0.102638951514,0.0,0
172,2011-07-08 04:00:01,0.11056241713,0.0,0
173,2011-07-08 05:00:01,0.144226388965,0.0,0
174,2011-07-08 06:00:01,0.158332277056,0.0,0
175,2011-07-08 07:00:01,0.312025914701,0.0,0
176,2011-07-08 08:00:01,0.527204950695,0.0,0
177,2011-07-08 09:00:01,0.434005616543,0.0,0
178,2011-07-08 10:00:01,0.494257013647,0.0,0
179,2011-07-08 11:00:01,0.456944556533,0.0,0
180,2011-07-08 12:00:01,0.444284861437,0.0,0
181,2011-07-08 13:00:01,0.361783886347,0.0,0
182,2011-07-08 14:00:01,0.309215412949,0.0,0
183,2011-07-08 15:00:01,0.323232323232,0.0,0
184,2011-07-08 16:00:01,0.228027186216,0.0,0
185,2011-07-08 17:00:01,0.248385861855,0.0,0
186,2011-07-08 18:00:01,0.230339962317,0.0,0
187,2011-07-08 19:00:01,0.199236511832,0.0,0
188,2011-07-08 20:00:01,0.182615991827,0.0,0
189,2011-07-08 21:00:01,0.201566213223,0.0,0
190,2011-07-08 22:00:01,0.197890930527,0.0,0
191,2011-07-08 23:00:01,0.180271292582,0.0,0
192,2011-07-09 00:00:01,0.192514343728,0.0,0
193,2011-07-09 01:00:01,0.15683009122,0.0,0
194,2011-07-09 02:00:01,0.129613425807,0.0,0
195,2011-07-09 03:00:01,0.110494486342,0.0,0
196,2011-07-09 04:00:01,0.170957809371,0.0,0
197,2011-07-09 05:00:01,0.237131289763,0.0,0
198,2011-07-09 06:00:01,0.229209149397,0.0,0
199,2011-07-09 07:00:01,0.298367102676,0.0,0
200,2011-07-09 08:00:01,0.499133363352,0.0,0
201,2011-07-09 09:00:01,0.464385632928,0.0,0
202,2011-07-09 10:00:01,0.472395538999,0.0,0
203,2011-07-09 11:00:01,0.544146269537,0.0,0
204,2011-07-09 12:00:01,0.577541441502,0.0,0
205,2011-07-09 13:00:01,0.515494108308,0.0,0
206,2011-07-09 14:00:01,0.407933425798,0.0,0
207,2011-07-09 15:00:01,0.399840114981,0.0,0
208,2011-07-09 16:00:01,0.353425088801,0.0,0
209,2011-07-09 17:00:01,0.288194806737,0.0,0
210,2011-07-09 18:00:01,0.215691621082,0.0,0
211,2011-07-09 19:00:01,0.235888689633,0.0,0
212,2011-07-09 20:00:01,0.191367325907,0.0,0
213,2011-07-09 21:00:01,0.188934143242,0.0,0
214,2011-07-09 22:00:01,0.201572828906,0.0,0
215,2011-07-09 23:00:01,0.22097753552,0.0,0
216,2011-07-10 00:00:01,0.20411036036,0.0,0
217,2011-07-10 01:00:01,0.162965130084,0.0,0
218,2011-07-10 02:00:01,0.119492242233,0.0,0
219,2011-07-10 03:00:01,0.11211438251,0.0,0
220,2011-07-10 04:00:01,0.132642082613,0.0,0
221,2011-07-10 05:00:01,0.222133726255,0.0,0
222,2011-07-10 06:00:01,0.191750214286,0.0,0
223,2011-07-10 07:00:01,0.260790149008,0.0,0
224,2011-07-10 08:00:01,0.471314096973,0.0,0
225,2011-07-10 09:00:01,0.477296463143,0.0,0
226,2011-07-10 10:00:01,0.446584938704,0.0,0
227,2011-07-10 11:00:01,0.496146481342,0.0,0
228,2011-07-10 12:00:01,0.495432405878,0.0,0
229,2011-07-10 13:00:01,0.429185534206,0.0,0
230,2011-07-10 14:00:01,0.416406816228,0.0,0
231,2011-07-10 15:00:01,0.376365524788,0.0,0
232,2011-07-10 16:00:01,0.346310385427,0.0,0
233,2011-07-10 17:00:01,0.324941180324,0.0,0
234,2011-07-10 18:00:01,0.224988446606,0.0,0
235,2011-07-10 19:00:01,0.193877335585,0.0,0
236,2011-07-10 20:00:01,0.195783481953,0.0,0
237,2011-07-10 21:00:01,0.179647327158,0.0,0
238,2011-07-10 22:00:01,0.179125049492,0.0,0
239,2011-07-10 23:00:01,0.15644170512,0.0,0
240,2011-07-11 00:00:01,0.139389470106,0.0,0
241,2011-07-11 01:00:01,0.140954515364,0.0,0
242,2011-07-11 02:00:01,0.0922539182816,0.0,0
243,2011-07-11 03:00:01,0.082216125654,0.0,0
244,2011-07-11 04:00:01,0.0908497986666,0.0,0
245,2011-07-11 05:00:01,0.157180412254,0.0,0
246,2011-07-11 06:00:01,0.1727280618,0.0,0
247,2011-07-11 07:00:01,0.256565982078,0.0,0
248,2011-07-11 08:00:01,0.428283732379,0.0,0
249,2011-07-11 09:00:01,0.444226956124,0.0,0
250,2011-07-11 10:00:01,0.483698194053,0.0,0
251,2011-07-11 11:00:01,0.458668492213,0.0,0
252,2011-07-11 12:00:01,0.418402013567,0.0,0
253,2011-07-11 13:00:01,0.393451621757,0.0,0
254,2011-07-11 14:00:01,0.313871961208,0.0,0
255,2011-07-11 15:00:01,0.2891833066,0.0,0
256,2011-07-11 16:00:01,0.249155689411,0.0,0
257,2011-07-11 17:00:01,0.25617308183,0.0,0
258,2011-07-11 18:00:01,0.212968170705,0.0,0
259,2011-07-11 19:00:01,0.216770052025,0.0,0
260,2011-07-11 20:00:01,0.197776496284,0.0,0
261,2011-07-11 21:00:01,0.187934318994,0.0,0
262,2011-07-11 22:00:01,0.187420141712,0.0,0
263,2011-07-11 23:00:01,0.187506940589,0.0,0
264,2011-07-12 00:00:01,0.168980614452,0.0,0
265,2011-07-12 01:00:01,0.152074937809,0.0,0
266,2011-07-12 02:00:01,0.137461484942,0.0,0
267,2011-07-12 03:00:01,0.104112579122,0.0,0
268,2011-07-12 04:00:01,0.142918552002,0.0,0
269,2011-07-12 05:00:01,0.143275447091,0.0,0
270,2011-07-12 06:00:01,0.185618913885,0.0,0
271,2011-07-12 07:00:01,0.1729077805559999,0.0,0
272,2011-07-12 08:00:01,0.489569415766,0.0,0
273,2011-07-12 09:00:01,0.475371441118,0.0,0
274,2011-07-12 10:00:01,0.510875190931,0.0,0
275,2011-07-12 11:00:01,0.539295638516,0.0,0
276,2011-07-12 12:00:01,0.562670369799,0.0,0
277,2011-07-12 13:00:01,0.493639908065,0.0,0
278,2011-07-12 14:00:01,0.375071761179,0.0,0
279,2011-07-12 15:00:01,0.367231783852,0.0,0
280,2011-07-12 16:00:01,0.309527758348,0.0,0
281,2011-07-12 17:00:01,0.289907743167,0.0,0
282,2011-07-12 18:00:01,0.247273915988,0.0,0
283,2011-07-12 19:00:01,0.225066896458,0.0,0
284,2011-07-12 20:00:01,0.235480042627,0.0,0
285,2011-07-12 21:00:01,0.243742335442,0.0,0
286,2011-07-12 22:00:01,0.226198468573,0.0,0
287,2011-07-12 23:00:01,0.220480258123,0.0,0
288,2011-07-13 00:00:01,0.177474657233,0.0,0
289,2011-07-13 01:00:01,0.165109689891,0.0,0
290,2011-07-13 02:00:01,0.130659891709,0.0,0
291,2011-07-13 03:00:01,0.114740658034,0.0,0
292,2011-07-13 04:00:01,0.141167988992,0.0,0
293,2011-07-13 05:00:01,0.186317495352,0.0,0
294,2011-07-13 06:00:01,0.229541927497,0.0,0
295,2011-07-13 07:00:01,0.373358604369,0.0,0
296,2011-07-13 08:00:01,0.487958224908,0.0,0
297,2011-07-13 09:00:01,0.539149888143,0.0,0
298,2011-07-13 10:00:01,0.464484920282,0.0,0
299,2011-07-13 11:00:01,0.622171145686,0.0,0
300,2011-07-13 12:00:01,0.557672400502,0.0,0
301,2011-07-13 13:00:01,0.454296051165,0.0,0
302,2011-07-13 14:00:01,0.455315598903,0.0,0
303,2011-07-13 15:00:01,0.40590212985,0.0,0
304,2011-07-13 16:00:01,0.412460472538,0.0,0
305,2011-07-13 17:00:01,0.321670941047,0.0,0
306,2011-07-13 18:00:01,0.313384053393,0.0,0
307,2011-07-13 19:00:01,0.261011165287,0.0,0
308,2011-07-13 20:00:01,0.267151307818,0.0,0
309,2011-07-13 21:00:01,0.202422469962,0.0,0
310,2011-07-13 22:00:01,0.250151828141,0.0,0
311,2011-07-13 23:00:01,0.258616476517,0.0,0
312,2011-07-14 00:00:01,0.203289190586,0.0,0
313,2011-07-14 01:00:01,0.167275100891,0.0,0
314,2011-07-14 02:00:01,0.129840366979,0.0,0
315,2011-07-14 03:00:01,0.117719206301,0.0,0
316,2011-07-14 04:00:01,0.185196847018,0.0,0
317,2011-07-14 05:00:01,0.252898111735,0.0,0
318,2011-07-14 06:00:01,0.231405043299,0.0,0
319,2011-07-14 07:00:01,0.368990180311,0.0,0
320,2011-07-14 08:00:01,0.493794641216,0.0,0
321,2011-07-14 09:00:01,0.495958899818,0.0,0
322,2011-07-14 10:00:01,0.449545022409,0.0,0
323,2011-07-14 11:00:01,0.418541266078,0.0,0
324,2011-07-14 12:00:01,0.594471687259,0.0,0
325,2011-07-14 13:00:01,0.660831736496,0.0,0
326,2011-07-14 14:00:01,0.5645469677880001,0.0,0
327,2011-07-14 15:00:01,0.426793043242,0.0,0
328,2011-07-14 16:00:01,0.401047443943,0.0,0
329,2011-07-14 17:00:01,0.249061577522,0.0,0
330,2011-07-14 18:00:01,0.310849033716,0.0,0
331,2011-07-14 19:00:01,0.233542090686,0.0,0
332,2011-07-14 20:00:01,0.216787081441,0.0,0
333,2011-07-14 21:00:01,0.234240406218,0.0,0
334,2011-07-14 22:00:01,0.224834627552,0.0,0
335,2011-07-14 23:00:01,0.224770026795,0.0,0
336,2011-07-15 00:00:01,0.186996327941,0.0,0
337,2011-07-15 01:00:01,0.192104631629,0.0,0
338,2011-07-15 02:00:01,0.134936613375,0.0,0
339,2011-07-15 03:00:01,0.129935763999,0.0,0
340,2011-07-15 04:00:01,0.167604705679,0.0,0
341,2011-07-15 05:00:01,0.181410049787,0.0,0
342,2011-07-15 06:00:01,0.231296513212,0.0,0
343,2011-07-15 07:00:01,0.288950955201,0.0,0
344,2011-07-15 08:00:01,0.459122644791,0.0,0
345,2011-07-15 09:00:01,0.577886549723,0.0,0
346,2011-07-15 10:00:01,0.459511477173,0.0,0
347,2011-07-15 11:00:01,0.5733333333330001,0.0,0
348,2011-07-15 12:00:01,0.735811618194,0.0,0
349,2011-07-15 13:00:01,0.531054359278,0.0,0
350,2011-07-15 14:00:01,0.481355974591,0.0,0
351,2011-07-15 15:00:01,0.449878916513,0.0,0
352,2011-07-15 16:00:01,0.420883789935,0.0,0
353,2011-07-15 17:00:01,0.322864798895,0.0,0
354,2011-07-15 18:00:01,0.143973206366,0.0,0
355,2011-07-15 19:00:01,0.0449098864075,0.0,0
356,2011-07-15 20:00:01,0.231909669663,0.0,0
357,2011-07-15 21:00:01,0.307814215642,0.0,0
358,2011-07-15 22:00:01,0.215337200416,0.0,0
359,2011-07-15 23:00:01,0.200955847706,0.0,0
360,2011-07-16 00:00:01,0.457925390707,0.0,0
361,2011-07-16 01:00:01,0.207633787425,0.0,0
362,2011-07-16 02:00:01,0.183786893926,0.0,0
363,2011-07-16 03:00:01,0.166145206736,0.0,0
364,2011-07-16 04:00:01,0.0546898928025,0.0,0
365,2011-07-16 05:00:01,0.41349399435,0.0,0
366,2011-07-16 06:00:01,0.21266565237,0.0,0
367,2011-07-16 07:00:01,0.405484768787,0.0,0
368,2011-07-16 08:00:01,0.393868203116,0.0,0
369,2011-07-16 09:00:01,0.529876582362,0.0,0
370,2011-07-16 10:00:01,0.474258533856,0.0,0
371,2011-07-16 11:00:01,0.48150129635,0.0,0
372,2011-07-16 12:00:01,0.7143785469830001,0.0,0
373,2011-07-16 13:00:01,0.5949707593060001,0.0,0
374,2011-07-16 14:00:01,0.497414475258,0.0,0
375,2011-07-16 15:00:01,0.472394120161,0.0,0
376,2011-07-16 16:00:01,0.391052321493,0.0,0
377,2011-07-16 17:00:01,0.347261857056,0.0,0
378,2011-07-16 18:00:01,0.295052657131,0.0,0
379,2011-07-16 19:00:01,0.279554883486,0.0,0
380,2011-07-16 20:00:01,0.2473398685640001,0.0,0
381,2011-07-16 21:00:01,0.234330907379,0.0,0
382,2011-07-16 22:00:01,0.244476551099,0.0,0
383,2011-07-16 23:00:01,0.260264476655,0.0,0
384,2011-07-17 00:00:01,0.19759374095,0.0,0
385,2011-07-17 01:00:01,0.196832352893,0.0,0
386,2011-07-17 02:00:01,0.165662875197,0.0,0
387,2011-07-17 03:00:01,0.143359111767,0.0,0
388,2011-07-17 04:00:01,0.21387587975,0.0,0
389,2011-07-17 05:00:01,0.217570859757,0.0,0
390,2011-07-17 06:00:01,0.234414152551,0.0,0
391,2011-07-17 07:00:01,0.346885066425,0.0,0
392,2011-07-17 08:00:01,0.417195190785,0.0,0
393,2011-07-17 09:00:01,0.42452044101,0.0,0
394,2011-07-17 10:00:01,0.548663964034,0.0,0
395,2011-07-17 11:00:01,0.584730174357,0.0,0
396,2011-07-17 12:00:01,0.6129684814999999,0.0,0
397,2011-07-17 13:00:01,0.570864765338,0.0,0
398,2011-07-17 14:00:01,0.5803528820399999,0.0,0
399,2011-07-17 15:00:01,0.525839273396,0.0,0
400,2011-07-17 16:00:01,0.396771251233,0.0,0
401,2011-07-17 17:00:01,0.346949542015,0.0,0
402,2011-07-17 18:00:01,0.288522229931,0.0,0
403,2011-07-17 19:00:01,0.256968065004,0.0,0
404,2011-07-17 20:00:01,0.270501758648,0.0,0
405,2011-07-17 21:00:01,0.239742956006,0.0,0
406,2011-07-17 22:00:01,0.234361529517,0.0,0
407,2011-07-17 23:00:01,0.187886021629,0.0,0
408,2011-07-18 00:00:01,0.225183226125,0.0,0
409,2011-07-18 01:00:01,0.161582089438,0.0,0
410,2011-07-18 02:00:01,0.150193152414,0.0,0
411,2011-07-18 03:00:01,0.138530070901,0.0,0
412,2011-07-18 04:00:01,0.139423483631,0.0,0
413,2011-07-18 05:00:01,0.145971095318,0.0,0
414,2011-07-18 06:00:01,0.186878853127,0.0,0
415,2011-07-18 07:00:01,0.319640385124,0.0,0
416,2011-07-18 08:00:01,0.520614428117,0.0,0
417,2011-07-18 09:00:01,0.453551781296,0.0,0
418,2011-07-18 10:00:01,0.502821160261,0.0,0
419,2011-07-18 11:00:01,0.59417456907,0.0,0
420,2011-07-18 12:00:01,0.416779265447,0.0,0
421,2011-07-18 13:00:01,0.457051579327,0.0,0
422,2011-07-18 14:00:01,0.425053888784,0.0,0
423,2011-07-18 15:00:01,0.391342369917,0.0,0
424,2011-07-18 16:00:01,0.565611458262,0.0,0
425,2011-07-18 17:00:01,0.321790125479,0.0,0
426,2011-07-18 18:00:01,0.224332674191,0.0,0
427,2011-07-18 19:00:01,0.246549051451,0.0,0
428,2011-07-18 20:00:01,0.208119218911,0.0,0
429,2011-07-18 21:00:01,0.228249765454,0.0,0
430,2011-07-18 22:00:01,0.207939342422,0.0,0
431,2011-07-18 23:00:01,0.202166765437,0.0,0
432,2011-07-19 00:00:01,0.209550828532,0.0,0
433,2011-07-19 01:00:01,0.184091194376,0.0,0
434,2011-07-19 02:00:01,0.1757285568849999,0.0,0
435,2011-07-19 03:00:01,0.156583178334,0.0,0
436,2011-07-19 04:00:01,0.1697801276269999,0.0,0
437,2011-07-19 05:00:01,0.213679793221,0.0,0
438,2011-07-19 06:00:01,0.307929755045,0.0,0
439,2011-07-19 07:00:01,0.206288191397,0.0,0
440,2011-07-19 08:00:01,0.384913156022,0.0,0
441,2011-07-19 09:00:01,0.485701650943,0.0,0
442,2011-07-19 10:00:01,0.5438414136159999,0.0,0
443,2011-07-19 11:00:01,0.512707996911,0.0,0
444,2011-07-19 12:00:01,0.514567697661,0.0,0
445,2011-07-19 13:00:01,0.3870804907150001,0.0,0
446,2011-07-19 14:00:01,0.299222659994,0.0,0
447,2011-07-19 15:00:01,0.467463346053,0.0,0
448,2011-07-19 16:00:01,0.305939401882,0.0,0
449,2011-07-19 17:00:01,0.266237288393,0.0,0
450,2011-07-19 18:00:01,0.228824225875,0.0,0
451,2011-07-19 19:00:01,0.3774798397070001,0.0,0
452,2011-07-19 20:00:01,0.222640362231,0.0,0
453,2011-07-19 21:00:01,0.239374301933,0.0,0
454,2011-07-19 22:00:01,0.210807509061,0.0,0
455,2011-07-19 23:00:01,0.20721999674,0.0,0
456,2011-07-20 00:00:01,0.183171233672,0.0,0
457,2011-07-20 01:00:01,0.17535293411,0.0,0
458,2011-07-20 02:00:01,0.149082471767,0.0,0
459,2011-07-20 03:00:01,0.13322111022,0.0,0
460,2011-07-20 04:00:01,0.152328400635,0.0,0
461,2011-07-20 05:00:01,0.194135398375,0.0,0
462,2011-07-20 06:00:01,0.228316568609,0.0,0
463,2011-07-20 07:00:01,0.317831969929,0.0,0
464,2011-07-20 08:00:01,0.368739205527,0.0,0
465,2011-07-20 09:00:01,0.506948990382,0.0,0
466,2011-07-20 10:00:01,0.47500309751,0.0,0
467,2011-07-20 11:00:01,0.493425888118,0.0,0
468,2011-07-20 12:00:01,0.484030128533,0.0,0
469,2011-07-20 13:00:01,0.525203484221,0.0,0
470,2011-07-20 14:00:01,0.37446179272,0.0,0
471,2011-07-20 15:00:01,0.298930848455,0.0,0
472,2011-07-20 16:00:01,0.209247912154,0.0,0
473,2011-07-20 17:00:01,0.395342238767,0.0,0
474,2011-07-20 18:00:01,0.247451712976,0.0,0
475,2011-07-20 19:00:01,0.201449246669,0.0,0
476,2011-07-20 20:00:01,0.226587929504,0.0,0
477,2011-07-20 21:00:01,0.216551601378,0.0,0
478,2011-07-20 22:00:01,0.217818915146,0.0,0
479,2011-07-20 23:00:01,0.279013742631,0.0,0
480,2011-07-21 00:00:01,0.176800070317,0.0,0
481,2011-07-21 01:00:01,0.155743881702,0.0,0
482,2011-07-21 02:00:01,0.16790458896,0.0,0
483,2011-07-21 03:00:01,0.145339317705,0.0,0
484,2011-07-21 04:00:01,0.1623109857819999,0.0,0
485,2011-07-21 06:00:01,0.225127023514,0.0,0
486,2011-07-21 07:00:01,0.305405131769,0.0,0
487,2011-07-21 08:00:01,0.272592485817,0.0,0
488,2011-07-21 09:00:01,0.333844887792,0.0,0
489,2011-07-21 10:00:01,0.500682860209,0.0,0
490,2011-07-21 11:00:01,0.394310306282,0.0,0
491,2011-07-21 12:00:01,0.6887081700579999,0.0,0
492,2011-07-21 13:00:01,0.546541474379,0.0,0
493,2011-07-21 14:00:01,0.468349650727,0.0,0
494,2011-07-21 15:00:01,0.438412517347,0.0,0
495,2011-07-21 16:00:01,0.405492179511,0.0,0
496,2011-07-21 17:00:01,0.34746436655,0.0,0
497,2011-07-21 18:00:01,0.355934947384,0.0,0
498,2011-07-21 19:00:01,0.321369405386,0.0,0
499,2011-07-21 20:00:01,0.297296988465,0.0,0
500,2011-07-21 21:00:01,0.310397325461,0.0,0
501,2011-07-21 22:00:01,0.279340360019,0.0,0
502,2011-07-21 23:00:01,0.273138547997,0.0,0
503,2011-07-22 00:00:01,0.216208416255,0.0,0
504,2011-07-22 01:00:01,0.218956491608,0.0,0
505,2011-07-22 02:00:01,0.185362212692,0.0,0
506,2011-07-22 03:00:01,0.160410400635,0.0,0
507,2011-07-22 04:00:01,0.2296313499,0.0,0
508,2011-07-22 05:00:01,0.211899236364,0.0,0
509,2011-07-22 06:00:01,0.236990707817,0.0,0
510,2011-07-22 07:00:01,0.285074808417,0.0,0
511,2011-07-22 08:00:01,0.496803531495,0.0,0
512,2011-07-22 09:00:01,0.414682750962,0.0,0
513,2011-07-22 10:00:01,0.658459017973,0.0,0
514,2011-07-22 11:00:01,0.477002967359,0.0,0
515,2011-07-22 12:00:01,0.596746877025,0.0,0
516,2011-07-22 13:00:01,0.512225170584,0.0,0
517,2011-07-22 14:00:01,0.491375775283,0.0,0
518,2011-07-22 15:00:01,0.3769308260580001,0.0,0
519,2011-07-22 16:00:01,0.335408585677,0.0,0
520,2011-07-22 17:00:01,0.331426247669,0.0,0
521,2011-07-22 18:00:01,0.330962613101,0.0,0
522,2011-07-22 19:00:01,0.165794585514,0.0,0
523,2011-07-22 20:00:01,0.394205934513,0.0,0
524,2011-07-22 21:00:01,0.285497024143,0.0,0
525,2011-07-22 22:00:01,0.285426606134,0.0,0
526,2011-07-22 23:00:01,0.28290912475,0.0,0
527,2011-07-23 00:00:01,0.2647341420099999,0.0,0
528,2011-07-23 01:00:01,0.294095349176,0.0,0
529,2011-07-23 02:00:01,0.214179244496,0.0,0
530,2011-07-23 03:00:01,0.180678676961,0.0,0
531,2011-07-23 04:00:01,0.270198998415,0.0,0
532,2011-07-23 05:00:01,0.271868273594,0.0,0
533,2011-07-23 06:00:01,0.224572434312,0.0,0
534,2011-07-23 07:00:01,0.362203601746,0.0,0
535,2011-07-23 08:00:01,0.493507761398,0.0,0
536,2011-07-23 09:00:01,0.486753791412,0.0,0
537,2011-07-23 10:00:01,0.5098064350720001,0.0,0
538,2011-07-23 11:00:01,0.6065731308860001,0.0,0
539,2011-07-23 12:00:01,0.6204783473040001,0.0,0
540,2011-07-23 13:00:01,0.536817575544,0.0,0
541,2011-07-23 14:00:01,0.5882767780529999,0.0,0
542,2011-07-23 15:00:01,0.5200506697280001,0.0,0
543,2011-07-23 16:00:01,0.407757000099,0.0,0
544,2011-07-23 17:00:01,0.320313118552,0.0,0
545,2011-07-23 18:00:01,0.30309578123,0.0,0
546,2011-07-23 19:00:01,0.256693040856,0.0,0
547,2011-07-23 20:00:01,0.229650861622,0.0,0
548,2011-07-23 21:00:01,0.199366122475,0.0,0
549,2011-07-23 22:00:01,0.204156773323,0.0,0
550,2011-07-23 23:00:01,0.201065369338,0.0,0
551,2011-07-24 00:00:01,0.211396157209,0.0,0
552,2011-07-24 01:00:01,0.174167629608,0.0,0
553,2011-07-24 02:00:01,0.128643599089,0.0,0
554,2011-07-24 03:00:01,0.113269608672,0.0,0
555,2011-07-24 04:00:01,0.193969379098,0.0,0
556,2011-07-24 05:00:01,0.211982066182,0.0,0
557,2011-07-24 06:00:01,0.182067187626,0.0,0
558,2011-07-24 07:00:01,0.28538258695,0.0,0
559,2011-07-24 08:00:01,0.289536124982,0.0,0
560,2011-07-24 09:00:01,0.4331135507600001,0.0,0
561,2011-07-24 10:00:01,0.434267710905,0.0,0
562,2011-07-24 11:00:01,0.6073508454,0.0,0
563,2011-07-24 12:00:01,0.551777941294,0.0,0
564,2011-07-24 13:00:01,0.513737999711,0.0,0
565,2011-07-24 14:00:01,0.575968342251,0.0,1
566,2011-07-24 15:00:01,0.464939917259,0.0,1
567,2011-07-24 16:00:01,0.363468714432,0.0,1
568,2011-07-24 17:00:01,0.292985374913,0.0,1
569,2011-07-24 18:00:01,0.274288096558,0.0,1
570,2011-07-24 19:00:01,0.212545877133,0.0,1
571,2011-07-24 20:00:01,0.213512020559,0.0,1
572,2011-07-24 21:00:01,0.198521271775,0.0,1
573,2011-07-24 22:00:01,0.191002754581,0.0,1
574,2011-07-24 23:00:01,0.176639853272,0.0,1
575,2011-07-25 00:00:01,0.1780728621099999,0.0,1
576,2011-07-25 01:00:01,0.135347010517,0.0,1
577,2011-07-25 02:00:01,0.114142604504,0.0,1
578,2011-07-25 03:00:01,0.104569738809,0.0,1
579,2011-07-25 04:00:01,0.144246911642,0.0,1
580,2011-07-25 05:00:01,0.1704741439339999,0.0,1
581,2011-07-25 06:00:01,0.153459241305,0.0,1
582,2011-07-25 07:00:01,0.190020237895,0.0,1
583,2011-07-25 08:00:01,0.375302939367,0.0,1
584,2011-07-25 09:00:01,0.347942083762,0.0,1
585,2011-07-25 10:00:01,0.390454308388,0.0,1
586,2011-07-25 11:00:01,0.409452112087,0.0,1
587,2011-07-25 12:00:01,0.430285297861,0.0,1
588,2011-07-25 13:00:01,0.424308833446,0.0,1
589,2011-07-25 14:00:01,0.452680324746,0.0,1
590,2011-07-25 15:00:01,0.4455204362470001,0.0,1
591,2011-07-25 16:00:01,0.157649955543,0.0,1
592,2011-07-25 17:00:01,0.400905529913,0.0,1
593,2011-07-25 18:00:01,0.24124369894,0.0,1
594,2011-07-25 19:00:01,0.1696870772639999,0.0,1
595,2011-07-25 20:00:01,0.235160002135,0.0,1
596,2011-07-25 21:00:01,0.200913242009,0.0,1
597,2011-07-25 22:00:01,0.203985491786,0.0,1
598,2011-07-25 23:00:01,0.205137620179,0.0,1
599,2011-07-26 00:00:01,0.142881356485,0.0,1
600,2011-07-26 01:00:01,0.448868356238,0.0,1
601,2011-07-26 02:00:01,0.139351944698,0.0,1
602,2011-07-26 03:00:01,0.128736004655,0.0,1
603,2011-07-26 04:00:01,0.128572624444,0.0,1
604,2011-07-26 05:00:01,0.162722674678,0.0,1
605,2011-07-26 06:00:01,0.000983971620187,0.0,1
606,2011-07-26 07:00:01,0.242902773348,0.0,1
607,2011-07-26 08:00:01,0.3824829502400001,0.0,1
608,2011-07-26 09:00:01,0.329844801022,0.0,1
609,2011-07-26 10:00:01,0.5233777315,0.0,1
610,2011-07-26 11:00:01,0.458856512273,0.0,1
611,2011-07-26 12:00:01,0.399162869787,0.0,1
612,2011-07-26 13:00:01,0.3795556941560001,0.0,1
613,2011-07-26 14:00:01,0.419891863465,0.0,1
614,2011-07-26 15:00:01,0.300920186241,0.0,1
615,2011-07-26 16:00:01,0.28030162283,0.0,1
616,2011-07-26 17:00:01,0.253520184622,0.0,1
617,2011-07-26 18:00:01,0.259408524489,0.0,1
618,2011-07-26 19:00:01,0.193844435914,0.0,1
619,2011-07-26 20:00:01,0.218603988717,0.0,1
620,2011-07-26 21:00:01,0.195998000527,0.0,1
621,2011-07-26 22:00:01,0.1877134733,0.0,1
622,2011-07-26 23:00:01,0.196431126834,0.0,1
623,2011-07-27 00:00:01,0.176174912325,0.0,1
624,2011-07-27 01:00:01,0.161064534026,0.0,1
625,2011-07-27 02:00:01,0.14548881067,0.0,1
626,2011-07-27 03:00:01,0.1075527383099999,0.0,1
627,2011-07-27 04:00:01,0.155952563936,0.0,1
628,2011-07-27 05:00:01,0.209577337144,0.0,1
629,2011-07-27 06:00:01,0.148669490265,0.0,1
630,2011-07-27 07:00:01,0.209511837419,0.0,1
631,2011-07-27 08:00:01,0.295059356682,0.0,1
632,2011-07-27 09:00:01,0.361572165905,0.0,1
633,2011-07-27 10:00:01,0.439566245328,0.0,1
634,2011-07-27 11:00:01,0.491474788691,0.0,1
635,2011-07-27 12:00:01,0.442614926619,0.0,1
636,2011-07-27 13:00:01,0.448160352579,0.0,1
637,2011-07-27 14:00:01,0.438678027369,0.0,1
638,2011-07-27 15:00:01,0.37405645226,0.0,1
639,2011-07-27 16:00:01,0.379522109676,0.0,1
640,2011-07-27 17:00:01,0.321533673235,0.0,1
641,2011-07-27 18:00:01,0.331314163382,0.0,1
642,2011-07-27 19:00:01,0.259387243472,0.0,1
643,2011-07-27 20:00:01,0.256637040872,0.0,1
644,2011-07-27 21:00:01,0.225029690994,0.0,1
645,2011-07-27 22:00:01,0.243701401417,0.0,1
646,2011-07-27 23:00:01,0.213428038176,0.0,0
647,2011-07-28 00:00:01,0.147534516765,0.0,0
648,2011-07-28 01:00:01,0.221122616563,0.0,0
649,2011-07-28 02:00:01,0.157066545009,0.0,0
650,2011-07-28 03:00:01,0.135839707145,0.0,0
651,2011-07-28 04:00:01,0.142731993306,0.0,0
652,2011-07-28 05:00:01,0.203193201254,0.0,0
653,2011-07-28 06:00:01,0.162148007374,0.0,0
654,2011-07-28 07:00:01,0.0356090305386,0.0,0
655,2011-07-28 08:00:01,0.517897285146,0.0,0
656,2011-07-28 09:00:01,0.370649235087,0.0,0
657,2011-07-28 10:00:01,0.612499485928,0.0,0
658,2011-07-28 11:00:01,0.478236502896,0.0,0
659,2011-07-28 12:00:01,0.446529542833,0.0,0
660,2011-07-28 13:00:01,0.419630308694,0.0,0
661,2011-07-28 14:00:01,0.404135857732,0.0,0
662,2011-07-28 15:00:01,0.378717263569,0.0,0
663,2011-07-28 16:00:01,0.00326508400789,0.0,0
664,2011-07-28 17:00:01,0.00307836835862,0.0,0
665,2011-07-28 18:00:01,0.455160685778,0.0,0
666,2011-07-28 19:00:01,0.297786274149,0.0,0
667,2011-07-28 20:00:01,0.202158077792,0.0,0
668,2011-07-28 21:00:01,0.241454196911,0.0,0
669,2011-07-28 22:00:01,0.220964257391,0.0,0
670,2011-07-28 23:00:01,0.225213493959,0.0,0
671,2011-07-29 00:00:01,0.211517106446,0.0,0
672,2011-07-29 01:00:01,0.196341739229,0.0,0
673,2011-07-29 02:00:01,0.147722062332,0.0,0
674,2011-07-29 03:00:01,0.134019815857,0.0,0
675,2011-07-29 04:00:01,0.141013537197,0.0,0
676,2011-07-29 05:00:01,0.168965441467,0.0,0
677,2011-07-29 06:00:01,0.158813135032,0.0,0
678,2011-07-29 07:00:01,0.223773542028,0.0,0
679,2011-07-29 08:00:01,0.457448087743,0.0,0
680,2011-07-29 09:00:01,0.4971105857630001,0.0,0
681,2011-07-29 10:00:01,0.469454155973,0.0,0
682,2011-07-29 11:00:01,0.495279695646,0.0,0
683,2011-07-29 12:00:01,0.465535068068,0.0,0
684,2011-07-29 13:00:01,0.531950947043,0.0,0
685,2011-07-29 14:00:01,0.45310146576,0.0,0
686,2011-07-29 15:00:01,0.427706184123,0.0,0
687,2011-07-29 16:00:01,0.172425168071,0.0,0
688,2011-07-29 17:00:01,0.423704927457,0.0,0
689,2011-07-29 18:00:01,0.266947696995,0.0,0
690,2011-07-29 19:00:01,0.260453726674,0.0,0
691,2011-07-29 20:00:01,0.062668451477,0.0,0
692,2011-07-29 21:00:01,0.335431661925,0.0,0
693,2011-07-29 22:00:01,0.220403664009,0.0,0
694,2011-07-29 23:00:01,0.273034152036,0.0,0
695,2011-07-30 00:00:01,0.229069311321,0.0,0
696,2011-07-30 01:00:01,0.209343911864,0.0,0
697,2011-07-30 02:00:01,0.154835868682,0.0,0
698,2011-07-30 03:00:01,0.171468364853,0.0,0
699,2011-07-30 04:00:01,0.203818083967,0.0,0
700,2011-07-30 05:00:01,0.298213445003,0.0,0
701,2011-07-30 06:00:01,0.232935602737,0.0,0
702,2011-07-30 07:00:01,0.271720206092,0.0,0
703,2011-07-30 08:00:01,0.375881709479,0.0,0
704,2011-07-30 09:00:01,0.377435538444,0.0,0
705,2011-07-30 10:00:01,0.439536282858,0.0,0
706,2011-07-30 11:00:01,0.577576802062,0.0,0
707,2011-07-30 12:00:01,0.475051899481,0.0,0
708,2011-07-30 13:00:01,0.561543737839,0.0,0
709,2011-07-30 14:00:01,0.454925326176,0.0,0
710,2011-07-30 15:00:01,0.41081754716,0.0,0
711,2011-07-30 16:00:01,0.310035490495,0.0,0
712,2011-07-30 17:00:01,0.318734610636,0.0,0
713,2011-07-30 18:00:01,0.322629535726,0.0,0
714,2011-07-30 19:00:01,0.263100107643,0.0,0
715,2011-07-30 20:00:01,0.239908136512,0.0,0
716,2011-07-30 21:00:01,0.24635895478,0.0,0
717,2011-07-30 22:00:01,0.234870484843,0.0,0
718,2011-07-30 23:00:01,0.235311703923,0.0,0
719,2011-07-31 00:00:01,0.25892067675,0.0,0
720,2011-07-31 01:00:01,0.215918456552,0.0,0
721,2011-07-31 02:00:01,0.168897432416,0.0,0
722,2011-07-31 03:00:01,0.13620050354,0.0,0
723,2011-07-31 04:00:01,0.195074396444,0.0,0
724,2011-07-31 05:00:01,0.257899682382,0.0,0
725,2011-07-31 06:00:01,0.21212590836,0.0,0
726,2011-07-31 07:00:01,0.253616780446,0.0,0
727,2011-07-31 08:00:01,0.280396110798,0.0,0
728,2011-07-31 09:00:01,0.335011022836,0.0,0
729,2011-07-31 10:00:01,0.325472865004,0.0,0
730,2011-07-31 11:00:01,0.478309878796,0.0,0
731,2011-07-31 12:00:01,0.42241017221,0.0,0
732,2011-07-31 13:00:01,0.428092396729,0.0,0
733,2011-07-31 14:00:01,0.454567579407,0.0,0
734,2011-07-31 15:00:01,0.434495021948,0.0,0
735,2011-07-31 16:00:01,0.376663051281,0.0,0
736,2011-07-31 17:00:01,0.276657889247,0.0,0
737,2011-07-31 18:00:01,0.231251390096,0.0,0
738,2011-07-31 19:00:01,0.230442483964,0.0,0
739,2011-07-31 20:00:01,0.221718482353,0.0,0
740,2011-07-31 21:00:01,0.147292482506,0.0,0
741,2011-07-31 22:00:01,0.2719695304,0.0,0
742,2011-07-31 23:00:01,0.18424957212,0.0,0
743,2011-08-01 00:00:01,0.183854930206,0.0,0
744,2011-08-01 01:00:01,0.146498617435,0.0,0
745,2011-08-01 02:00:01,0.136459424487,0.0,0
746,2011-08-01 03:00:01,0.0877857686759999,0.0,0
747,2011-08-01 04:00:01,0.113553461349,0.0,0
748,2011-08-01 05:00:01,0.123708237311,0.0,0
749,2011-08-01 06:00:01,0.149411987548,0.0,0
750,2011-08-01 07:00:01,0.218854736601,0.0,0
751,2011-08-01 08:00:01,0.361513984073,0.0,0
752,2011-08-01 09:00:01,0.20819818985,0.0,0
753,2011-08-01 10:00:01,0.488597227448,0.0,0
754,2011-08-01 11:00:01,0.508212583188,0.0,0
755,2011-08-01 12:00:01,0.41313021761,0.0,0
756,2011-08-01 13:00:01,0.448025379708,0.0,0
757,2011-08-01 14:00:01,0.359762170646,0.0,0
758,2011-08-01 15:00:01,0.3766029315110001,0.0,0
759,2011-08-01 16:00:01,0.289073768803,0.0,0
760,2011-08-01 17:00:01,0.316292739115,0.0,0
761,2011-08-01 18:00:01,0.323627807345,0.0,0
762,2011-08-01 19:00:01,0.25922530369,0.0,0
763,2011-08-01 20:00:01,0.229332661947,0.0,0
764,2011-08-01 21:00:01,0.217184733646,0.0,0
765,2011-08-01 22:00:01,0.202887167798,0.0,0
766,2011-08-01 23:00:01,0.192562989504,0.0,0
767,2011-08-02 00:00:01,0.175209644865,0.0,0
768,2011-08-02 01:00:01,0.130037217212,0.0,0
769,2011-08-02 02:00:01,0.172503691226,0.0,0
770,2011-08-02 03:00:01,0.102679648204,0.0,0
771,2011-08-02 04:00:01,0.122842945119,0.0,0
772,2011-08-02 05:00:01,0.162794978716,0.0,0
773,2011-08-02 06:00:01,0.171762466504,0.0,0
774,2011-08-02 07:00:01,0.291704229404,0.0,0
775,2011-08-02 08:00:01,0.401144203264,0.0,0
776,2011-08-02 09:00:01,0.471953153836,0.0,0
777,2011-08-02 10:00:01,0.4470942982460001,0.0,0
778,2011-08-02 11:00:01,0.581099131105,0.0,0
779,2011-08-02 12:00:01,0.464249548487,0.0,0
780,2011-08-02 13:00:01,0.496229838855,0.0,0
781,2011-08-02 14:00:01,0.452098154126,0.0,0
782,2011-08-02 15:00:01,0.433815975945,0.0,0
783,2011-08-02 16:00:01,0.387994271038,0.0,0
784,2011-08-02 17:00:01,0.338336251156,0.0,0
785,2011-08-02 18:00:01,0.309087077998,0.0,0
786,2011-08-02 19:00:01,0.290744323188,0.0,0
787,2011-08-02 20:00:01,0.305809320552,0.0,0
788,2011-08-02 21:00:01,0.317276030146,0.0,0
789,2011-08-02 22:00:01,0.29720504068,0.0,0
790,2011-08-02 23:00:01,0.2357731902870001,0.0,0
791,2011-08-03 00:00:01,0.188286974461,0.0,0
792,2011-08-03 01:00:01,0.171487446869,0.0,0
793,2011-08-03 02:00:01,0.133994781432,0.0,0
794,2011-08-03 03:00:01,0.10274998997,0.0,0
795,2011-08-03 04:00:01,0.128252606457,0.0,0
796,2011-08-03 05:00:01,0.174345589129,0.0,0
797,2011-08-03 06:00:01,0.153733810649,0.0,0
798,2011-08-03 07:00:01,0.224686610782,0.0,0
799,2011-08-03 08:00:01,0.362468087548,0.0,0
800,2011-08-03 09:00:01,0.1944754871,0.0,0
801,2011-08-03 10:00:01,0.691956124314,0.0,0
802,2011-08-03 11:00:01,0.468199125652,0.0,0
803,2011-08-03 12:00:01,0.444023939447,0.0,0
804,2011-08-03 13:00:01,0.488482128973,0.0,0
805,2011-08-03 14:00:01,0.453174792496,0.0,0
806,2011-08-03 15:00:01,0.413451733329,0.0,0
807,2011-08-03 16:00:01,0.378406614728,0.0,0
808,2011-08-03 17:00:01,0.290162457252,0.0,0
809,2011-08-03 18:00:01,0.267312071302,0.0,0
810,2011-08-03 19:00:01,0.316459501711,0.0,0
811,2011-08-03 20:00:01,0.260711886419,0.0,0
812,2011-08-03 21:00:01,0.236257686646,0.0,0
813,2011-08-03 22:00:01,0.233285806598,0.0,0
814,2011-08-03 23:00:01,0.197457031016,0.0,0
815,2011-08-04 00:00:01,0.158111370303,0.0,0
816,2011-08-04 01:00:01,0.154896261014,0.0,0
817,2011-08-04 02:00:01,0.128176016257,0.0,0
818,2011-08-04 03:00:01,0.0970092266232,0.0,0
819,2011-08-04 04:00:01,0.124495046127,0.0,0
820,2011-08-04 05:00:01,0.134242511807,0.0,0
821,2011-08-04 06:00:01,0.125320507716,0.0,0
822,2011-08-04 07:00:01,0.229197163666,0.0,0
823,2011-08-04 08:00:01,0.505902851026,0.0,0
824,2011-08-04 09:00:01,0.4434204395,0.0,0
825,2011-08-04 10:00:01,0.417950592782,0.0,0
826,2011-08-04 11:00:01,0.534482758621,0.0,0
827,2011-08-04 12:00:01,0.549754911728,0.0,0
828,2011-08-04 13:00:01,0.47062494681,0.0,0
829,2011-08-04 14:00:01,0.442797415431,0.0,0
830,2011-08-04 15:00:01,0.412228226625,0.0,0
831,2011-08-04 16:00:01,0.3772363386330001,0.0,0
832,2011-08-04 17:00:01,0.277504550528,0.0,0
833,2011-08-04 18:00:01,0.307153691718,0.0,0
834,2011-08-04 19:00:01,0.251961989181,0.0,0
835,2011-08-04 20:00:01,0.257590838762,0.0,0
836,2011-08-04 21:00:01,0.248772705904,0.0,0
837,2011-08-04 22:00:01,0.239097911372,0.0,0
838,2011-08-04 23:00:01,0.221741388264,0.0,0
839,2011-08-05 00:00:01,0.171688928697,0.0,0
840,2011-08-05 01:00:01,0.157732699811,0.0,0
841,2011-08-05 02:00:01,0.126886132106,0.0,0
842,2011-08-05 03:00:01,0.100102337993,0.0,0
843,2011-08-05 04:00:01,0.12949774781,0.0,0
844,2011-08-05 05:00:01,0.190892065494,0.0,0
845,2011-08-05 06:00:01,0.184490653727,0.0,0
846,2011-08-05 07:00:01,0.337005713444,0.0,0
847,2011-08-05 08:00:01,0.50548598641,0.0,0
848,2011-08-05 09:00:01,0.5560967081270001,0.0,0
849,2011-08-05 10:00:01,0.467201510146,0.0,0
850,2011-08-05 11:00:01,0.567045802305,0.0,0
851,2011-08-05 12:00:01,0.452915473859,0.0,0
852,2011-08-05 13:00:01,0.496396431493,0.0,0
853,2011-08-05 14:00:01,0.470616936536,0.0,0
854,2011-08-05 15:00:01,0.427549619485,0.0,0
855,2011-08-05 16:00:01,0.378977633828,0.0,0
856,2011-08-05 17:00:01,0.332794411519,0.0,0
857,2011-08-05 18:00:01,0.268990764623,0.0,0
858,2011-08-05 19:00:01,0.274022173834,0.0,0
859,2011-08-05 20:00:01,0.251701544928,0.0,0
860,2011-08-05 21:00:01,0.241048360814,0.0,0
861,2011-08-05 22:00:01,0.246216858429,0.0,0
862,2011-08-05 23:00:01,0.215926329509,0.0,0
863,2011-08-06 00:00:01,0.249949816738,0.0,0
864,2011-08-06 01:00:01,0.158907963264,0.0,0
865,2011-08-06 02:00:01,0.1375528660909999,0.0,0
866,2011-08-06 03:00:01,0.197561654283,0.0,0
867,2011-08-06 04:00:01,0.288752499144,0.0,0
868,2011-08-06 05:00:01,0.381611047047,0.0,0
869,2011-08-06 06:00:01,0.273987644537,0.0,0
870,2011-08-06 07:00:01,0.500351036795,0.0,0
871,2011-08-06 08:00:01,0.580597323769,0.0,0
872,2011-08-06 09:00:01,0.430048801113,0.0,0
873,2011-08-06 10:00:01,0.420263604131,0.0,0
874,2011-08-06 11:00:01,0.534715574142,0.0,0
875,2011-08-06 12:00:01,0.7510386361929999,0.0,0
876,2011-08-06 13:00:01,0.526120396749,0.0,0
877,2011-08-06 14:00:01,0.560445151722,0.0,0
878,2011-08-06 15:00:01,0.405883598938,0.0,0
879,2011-08-06 16:00:01,0.447607191665,0.0,0
880,2011-08-06 17:00:01,0.369951829013,0.0,0
881,2011-08-06 18:00:01,0.349190198989,0.0,0
882,2011-08-06 19:00:01,0.300690835019,0.0,0
883,2011-08-06 20:00:01,0.34599954003,0.0,0
884,2011-08-06 21:00:01,0.310183250683,0.0,0
885,2011-08-06 22:00:01,0.394767069663,0.0,0
886,2011-08-06 23:00:01,0.308900212146,0.0,0
887,2011-08-07 00:00:01,0.30013037612,0.0,0
888,2011-08-07 01:00:01,0.257981928706,0.0,0
889,2011-08-07 02:00:01,0.220632140194,0.0,0
890,2011-08-07 03:00:01,0.213772281907,0.0,0
891,2011-08-07 04:00:01,0.255685414881,0.0,0
892,2011-08-07 05:00:01,0.329683456102,0.0,0
893,2011-08-07 06:00:01,0.265684254769,0.0,0
894,2011-08-07 07:00:01,0.442110689396,0.0,0
895,2011-08-07 08:00:01,0.7052933757359999,0.247271,0
896,2011-08-07 09:00:01,0.48961762587,0.0,0
897,2011-08-07 10:00:01,0.570971602411,0.0,0
898,2011-08-07 11:00:01,0.22696418004,0.0,0
899,2011-08-07 12:00:01,0.6255060891040001,0.0,0
900,2011-08-07 13:00:01,0.58756714546,0.0,0
901,2011-08-07 14:00:01,0.494468355527,0.0,0
902,2011-08-07 15:00:01,0.485719475295,0.0,0
903,2011-08-07 16:00:01,0.343257645616,0.0,0
904,2011-08-07 17:00:01,0.326607707109,0.0,0
905,2011-08-07 18:00:01,0.295759445392,0.0,0
906,2011-08-07 19:00:01,0.255623742077,0.0,0
907,2011-08-07 20:00:01,0.2688082445,0.0,0
908,2011-08-07 21:00:01,0.1781069836,0.0,0
909,2011-08-07 22:00:01,0.203492220123,0.0,0
910,2011-08-07 23:00:01,0.181770487756,0.0,0
911,2011-08-08 00:00:01,0.158421474179,0.0,0
912,2011-08-08 01:00:01,0.147071211249,0.0,0
913,2011-08-08 02:00:01,0.121540243196,0.0,0
914,2011-08-08 03:00:01,0.0939121008678,0.0,0
915,2011-08-08 04:00:01,0.125770320237,0.0,0
916,2011-08-08 05:00:01,0.173913163759,0.0,0
917,2011-08-08 06:00:01,0.164388738427,0.0,0
918,2011-08-08 07:00:01,0.311083305709,0.0,0
919,2011-08-08 08:00:01,0.538720538721,0.0,0
920,2011-08-08 09:00:01,0.427245038836,0.0,0
921,2011-08-08 10:00:01,0.504777937317,0.0,0
922,2011-08-08 11:00:01,0.642475589125,0.0,0
923,2011-08-08 12:00:01,0.552252988884,0.0,0
924,2011-08-08 13:00:01,0.475174437756,0.0,0
925,2011-08-08 14:00:01,0.488050599086,0.0,0
926,2011-08-08 15:00:01,0.437199279633,0.0,0
927,2011-08-08 16:00:01,0.371820079252,0.0,0
928,2011-08-08 17:00:01,0.310788044919,0.0,0
929,2011-08-08 19:00:01,0.303475913506,0.0,0
930,2011-08-08 20:00:01,0.1854877826,0.0,0
931,2011-08-08 21:00:01,0.228444369989,0.0,0
932,2011-08-08 22:00:01,0.228988961458,0.0,0
933,2011-08-08 23:00:01,0.224449362654,0.0,0
934,2011-08-09 00:00:01,0.166602366156,0.0,1
935,2011-08-09 01:00:01,0.136542467022,0.0,1
936,2011-08-09 02:00:01,0.131424755232,0.0,1
937,2011-08-09 03:00:01,0.120690831531,0.0,1
938,2011-08-09 04:00:01,0.118270279458,0.0,1
939,2011-08-09 05:00:01,0.162574348651,0.0,1
940,2011-08-09 06:00:01,0.178186039626,0.0,1
941,2011-08-09 07:00:01,0.303853030489,0.0,1
942,2011-08-09 08:00:01,0.550789527651,0.0,1
943,2011-08-09 09:00:01,0.441010177158,0.0,1
944,2011-08-09 10:00:01,0.530068153571,0.0,1
945,2011-08-09 11:00:01,0.464782413638,0.0,1
946,2011-08-09 12:00:01,0.480716903095,0.0,1
947,2011-08-09 13:00:01,0.438503988458,0.0,1
948,2011-08-09 14:00:01,0.344222628775,0.0,1
949,2011-08-09 15:00:01,0.164215514352,0.0,1
950,2011-08-09 16:00:01,0.451334552102,0.0,1
951,2011-08-09 17:00:01,0.488523409429,0.0,1
952,2011-08-09 18:00:01,0.301641007852,0.0,1
953,2011-08-09 19:00:01,0.262345464648,0.0,1
954,2011-08-09 20:00:01,0.271071656625,0.0,1
955,2011-08-09 21:00:01,0.257790414093,0.0,1
956,2011-08-09 22:00:01,0.293765610568,0.0,1
957,2011-08-09 23:00:01,0.20190184698,0.0,1
958,2011-08-10 00:00:01,0.180893592905,0.0,1
959,2011-08-10 01:00:01,0.183241464642,0.0,1
960,2011-08-10 02:00:01,0.152546971805,0.0,1
961,2011-08-10 03:00:01,0.121649223991,0.0,1
962,2011-08-10 04:00:01,0.132782550453,0.0,1
963,2011-08-10 05:00:01,0.191172813493,0.0,1
964,2011-08-10 06:00:01,0.247488073346,0.0,1
965,2011-08-10 07:00:01,0.307326101538,0.0,1
966,2011-08-10 08:00:01,0.354036794891,0.0,1
967,2011-08-10 09:00:01,0.517268550509,0.0,1
968,2011-08-10 10:00:01,0.457137065099,0.0,1
969,2011-08-10 11:00:01,0.546461283701,0.0,1
970,2011-08-10 12:00:01,0.450287840718,0.0,1
971,2011-08-10 13:00:01,0.482360222818,0.0,1
972,2011-08-10 14:00:01,0.485721764645,0.0,1
973,2011-08-10 15:00:01,0.587476998888,0.0,1
974,2011-08-10 17:00:01,0.948150721473,0.0,1
975,2011-08-10 18:00:01,0.65729071692,1.0,1
976,2011-08-10 19:00:01,0.182410748433,0.0,1
977,2011-08-10 20:00:01,0.210126419891,0.0,1
978,2011-08-10 21:00:01,0.335356850457,0.0,1
979,2011-08-10 22:00:01,0.298046930123,0.0,1
980,2011-08-10 23:00:01,0.238643552035,0.0,1
981,2011-08-11 00:00:01,0.212103377903,0.0,1
982,2011-08-11 01:00:01,0.185923903004,0.0,1
983,2011-08-11 02:00:01,0.154776075863,0.0,1
984,2011-08-11 03:00:01,0.13665744862,0.0,1
985,2011-08-11 04:00:01,0.160230773158,0.0,1
986,2011-08-11 05:00:01,0.210830475115,0.0,1
987,2011-08-11 06:00:01,0.286224224343,0.0,1
988,2011-08-11 07:00:01,0.436791095675,0.0,1
989,2011-08-11 08:00:01,0.461444787544,0.0,1
990,2011-08-11 09:00:01,0.576718213058,0.0,1
991,2011-08-11 10:00:01,0.678798876943,0.0,1
992,2011-08-11 11:00:01,0.5431043121010001,0.0,1
993,2011-08-11 12:00:01,0.651850316551,0.0,1
994,2011-08-11 13:00:01,0.515319777893,0.0,1
995,2011-08-11 14:00:01,0.567822431348,0.0,1
996,2011-08-11 15:00:01,0.476313569699,0.0,1
997,2011-08-11 16:00:01,0.410222140289,0.0,1
998,2011-08-11 17:00:01,0.3702145772300001,0.0,1
999,2011-08-11 18:00:01,0.0360733895514,0.0,1
1000,2011-08-11 19:00:01,0.323799955347,0.0,1
1001,2011-08-11 20:00:01,0.343160724482,0.0,1
1002,2011-08-11 21:00:01,0.397203435066,0.0,1
1003,2011-08-11 22:00:01,0.315529764651,0.0,1
1004,2011-08-11 23:00:01,0.30144478392,0.0,1
1005,2011-08-12 00:00:01,0.26762085518,0.0,1
1006,2011-08-12 01:00:01,0.233376729833,0.0,1
1007,2011-08-12 02:00:01,0.194452765968,0.0,1
1008,2011-08-12 03:00:01,0.138647787561,0.0,1
1009,2011-08-12 04:00:01,0.213030424064,0.0,1
1010,2011-08-12 05:00:01,0.258790799987,0.0,1
1011,2011-08-12 06:00:01,0.24952092977,0.0,1
1012,2011-08-12 07:00:01,0.276817816874,0.0,1
1013,2011-08-12 08:00:01,1.0514424748,0.707716,1
1014,2011-08-12 09:00:01,0.550761758252,0.0,1
1015,2011-08-12 10:00:01,0.5556293069120001,0.0,0
1016,2011-08-12 11:00:01,0.609984557353,0.0,0
1017,2011-08-12 12:00:01,0.577830188679,0.0,0
1018,2011-08-12 13:00:01,0.590268886044,0.0,0
1019,2011-08-12 14:00:01,0.552825126341,0.0,0
1020,2011-08-12 15:00:01,0.491198332529,0.0,0
1021,2011-08-12 16:00:01,0.410258361313,0.0,0
1022,2011-08-12 17:00:01,0.33909556486,0.0,0
1023,2011-08-12 18:00:01,0.286050702466,0.0,0
1024,2011-08-12 19:00:01,0.323586496548,0.0,0
1025,2011-08-12 20:00:01,0.304786649345,0.0,0
1026,2011-08-12 21:00:01,0.255882392047,0.0,0
1027,2011-08-12 22:00:01,0.2472079145960001,0.0,0
1028,2011-08-12 23:00:01,0.250140836151,0.0,0
1029,2011-08-13 00:00:01,0.25194385834,0.0,0
1030,2011-08-13 01:00:01,0.258218632693,0.0,0
1031,2011-08-13 02:00:01,0.226015539942,0.0,0
1032,2011-08-13 03:00:01,0.159070977107,0.0,0
1033,2011-08-13 04:00:01,0.211005513585,0.0,0
1034,2011-08-13 05:00:01,0.247687565773,0.0,0
1035,2011-08-13 06:00:01,0.282709693961,0.0,0
1036,2011-08-13 07:00:01,0.424723840371,0.0,0
1037,2011-08-13 08:00:01,0.543314721321,0.0,0
1038,2011-08-13 09:00:01,0.61625,0.0,0
1039,2011-08-13 10:00:01,0.654440319992,0.0,0
1040,2011-08-13 11:00:01,0.635822510823,0.0,0
1041,2011-08-13 12:00:01,0.8212261082369999,0.0,0
1042,2011-08-13 13:00:01,0.842164545573,0.0,0
1043,2011-08-13 14:00:01,0.731631892872,0.0,0
1044,2011-08-13 15:00:01,0.540964671767,0.0,0
1045,2011-08-13 16:00:01,0.455897653464,0.0,0
1046,2011-08-13 17:00:01,0.374288563715,0.0,0
1047,2011-08-13 18:00:01,0.319265175906,0.0,0
1048,2011-08-13 19:00:01,0.307065473481,0.0,0
1049,2011-08-13 20:00:01,0.273386162835,0.0,0
1050,2011-08-13 21:00:01,0.260776318994,0.0,0
1051,2011-08-13 22:00:01,0.286839076795,0.0,0
1052,2011-08-13 23:00:01,0.278639375568,0.0,0
1053,2011-08-14 00:00:01,0.305872772168,0.0,0
1054,2011-08-14 01:00:01,0.287767656453,0.0,0
1055,2011-08-14 02:00:01,0.266756655086,0.0,0
1056,2011-08-14 03:00:01,0.261519269562,0.0,0
1057,2011-08-14 04:00:01,0.279994138609,0.0,0
1058,2011-08-14 05:00:01,0.357949130112,0.0,0
1059,2011-08-14 06:00:01,0.395057867769,0.0,0
1060,2011-08-14 07:00:01,0.514521207708,0.0,0
1061,2011-08-14 08:00:01,0.5325601724260001,0.0,0
1062,2011-08-14 09:00:01,0.476172430128,0.0,0
1063,2011-08-14 10:00:01,0.60236216865,0.0,0
1064,2011-08-14 11:00:01,0.644956314535,0.0,0
1065,2011-08-14 12:00:01,0.697846165352,0.0,0
1066,2011-08-14 13:00:01,0.6986164303210001,0.0,0
1067,2011-08-14 14:00:01,0.7050358862970001,0.0,0
1068,2011-08-14 15:00:01,0.617404347988,0.0,0
1069,2011-08-14 16:00:01,0.51239017303,0.0,0
1070,2011-08-14 17:00:01,0.403875086121,0.0,0
1071,2011-08-14 18:00:01,0.374578723674,0.0,0
1072,2011-08-14 19:00:01,0.285211260801,0.0,0
1073,2011-08-14 20:00:01,0.258318839399,0.0,0
1074,2011-08-14 21:00:01,0.247235485434,0.0,0
1075,2011-08-14 22:00:01,0.252419295524,0.0,0
1076,2011-08-14 23:00:01,0.215061345367,0.0,0
1077,2011-08-15 00:00:01,0.219272374672,0.0,0
1078,2011-08-15 01:00:01,0.259993491349,0.0,0
1079,2011-08-15 02:00:01,0.112465680559,0.0,0
1080,2011-08-15 03:00:01,0.129889907492,0.0,0
1081,2011-08-15 04:00:01,0.184368853672,0.0,0
1082,2011-08-15 05:00:01,0.291590392801,0.0,0
1083,2011-08-15 06:00:01,0.354687066255,0.0,0
1084,2011-08-15 07:00:01,0.3696939346630001,0.0,0
1085,2011-08-15 08:00:01,0.616148756951,0.0,0
1086,2011-08-15 09:00:01,0.571445358402,0.0,0
1087,2011-08-15 10:00:01,0.571309896915,0.0,0
1088,2011-08-15 11:00:01,0.763170368917,0.0,0
1089,2011-08-15 12:00:01,0.542183415828,0.0,0
1090,2011-08-15 13:00:01,0.624161269619,0.0,0
1091,2011-08-15 14:00:01,0.577879875789,0.0,0
1092,2011-08-15 15:00:01,0.674388083594,0.0,0
1093,2011-08-15 16:00:01,0.465648351938,0.0,0
1094,2011-08-15 17:00:01,0.379129244052,0.0,0
1095,2011-08-15 18:00:01,0.377605768531,0.0,0
1096,2011-08-15 19:00:01,0.295029612795,0.0,0
1097,2011-08-15 20:00:01,0.294380946024,0.0,0
1098,2011-08-15 21:00:01,0.286841907435,0.0,0
1099,2011-08-16 00:00:01,0.643067449002,0.0,0
1100,2011-08-16 01:00:01,0.111433485031,0.0,0
1101,2011-08-16 02:00:01,0.167272282104,0.0,0
1102,2011-08-16 03:00:01,0.136371705472,0.0,0
1103,2011-08-16 04:00:01,0.1782165513149999,0.0,0
1104,2011-08-16 05:00:01,0.213757839048,0.0,0
1105,2011-08-16 06:00:01,0.24371422548,0.0,0
1106,2011-08-16 07:00:01,0.397670672215,0.0,0
1107,2011-08-16 08:00:01,0.569862575619,0.0,0
1108,2011-08-16 09:00:01,0.615672379046,0.0,0
1109,2011-08-16 10:00:01,0.565135026756,0.0,0
1110,2011-08-16 11:00:01,0.649623908579,0.0,0
1111,2011-08-16 12:00:01,0.6846018259059999,0.0,0
1112,2011-08-16 13:00:01,0.649529655839,0.0,0
1113,2011-08-16 14:00:01,0.7615537564129999,0.0,0
1114,2011-08-16 15:00:01,0.547737809294,0.0,0
1115,2011-08-16 16:00:01,0.414905863704,0.0,0
1116,2011-08-16 17:00:01,0.345750477303,0.0,0
1117,2011-08-16 18:00:01,0.290037711535,0.0,0
1118,2011-08-16 19:00:01,0.291690037489,0.0,0
1119,2011-08-16 20:00:01,0.251921989966,0.0,0
1120,2011-08-16 21:00:01,0.253541172643,0.0,0
1121,2011-08-16 22:00:01,0.232801250976,0.0,0
1122,2011-08-16 23:00:01,0.217425777744,0.0,0
1123,2011-08-17 00:00:01,0.2358663084300001,0.0,0
1124,2011-08-17 01:00:01,0.195312307046,0.0,0
1125,2011-08-17 02:00:01,0.195701468993,0.0,0
1126,2011-08-17 03:00:01,0.204026143655,0.0,0
1127,2011-08-17 04:00:01,0.147768401599,0.0,0
1128,2011-08-17 05:00:01,0.268017002427,0.0,0
1129,2011-08-17 06:00:01,0.265700570732,0.0,0
1130,2011-08-17 07:00:01,0.398809933274,0.0,0
1131,2011-08-17 08:00:01,0.457430227251,0.0,0
1132,2011-08-17 09:00:01,0.652012359682,0.0,0
1133,2011-08-17 10:00:01,0.5810565233739999,0.0,0
1134,2011-08-17 11:00:01,0.484555758969,0.0,0
1135,2011-08-17 12:00:01,0.5107564978320001,0.0,0
1136,2011-08-17 13:00:01,0.552549276311,0.0,0
1137,2011-08-17 14:00:01,0.528956989498,0.0,0
1138,2011-08-17 15:00:01,0.49939939015,0.0,0
1139,2011-08-17 16:00:01,0.444223371391,0.0,0
1140,2011-08-17 17:00:01,0.345758932585,0.0,0
1141,2011-08-17 18:00:01,0.356207628528,0.0,0
1142,2011-08-17 19:00:01,0.365411529986,0.0,0
1143,2011-08-17 20:00:01,0.303964545498,0.0,0
1144,2011-08-17 21:00:01,0.312720759806,0.0,0
1145,2011-08-17 22:00:01,0.265141882694,0.0,0
1146,2011-08-17 23:00:01,0.203903533414,0.0,0
1147,2011-08-18 00:00:01,0.201826116196,0.0,0
1148,2011-08-18 01:00:01,0.176334283725,0.0,0
1149,2011-08-18 02:00:01,0.168131389871,0.0,0
1150,2011-08-18 03:00:01,0.126134290765,0.0,0
1151,2011-08-18 04:00:01,0.148568237737,0.0,0
1152,2011-08-18 05:00:01,0.185830771529,0.0,0
1153,2011-08-18 06:00:01,0.191789020266,0.0,0
1154,2011-08-18 07:00:01,0.357648865878,0.0,0
1155,2011-08-18 08:00:01,0.563748550423,0.0,0
1156,2011-08-18 09:00:01,0.621535383035,0.0,0
1157,2011-08-18 10:00:01,0.651507000683,0.0,0
1158,2011-08-18 11:00:01,0.552312904633,0.0,0
1159,2011-08-18 12:00:01,0.5614179864450001,0.0,0
1160,2011-08-18 13:00:01,0.472352077362,0.0,0
1161,2011-08-18 14:00:01,0.457558336152,0.0,0
1162,2011-08-18 15:00:01,0.514818687278,0.0,0
1163,2011-08-18 16:00:01,0.4409043976650001,0.0,0
1164,2011-08-18 17:00:01,0.4387730336240001,0.0,0
1165,2011-08-18 18:00:01,0.384591481943,0.0,0
1166,2011-08-18 19:00:01,0.3398700712,0.0,0
1167,2011-08-18 20:00:01,0.278668738629,0.0,0
1168,2011-08-18 21:00:01,0.288797207236,0.0,0
1169,2011-08-18 22:00:01,0.267286115268,0.0,0
1170,2011-08-18 23:00:01,0.223896266296,0.0,0
1171,2011-08-19 00:00:01,0.203410801178,0.0,0
1172,2011-08-19 01:00:01,0.175413151105,0.0,0
1173,2011-08-19 02:00:01,0.166775150428,0.0,0
1174,2011-08-19 03:00:01,0.12467887362,0.0,0
1175,2011-08-19 04:00:01,0.193797788902,0.0,0
1176,2011-08-19 05:00:01,0.193257346049,0.0,0
1177,2011-08-19 06:00:01,0.241784594303,0.0,0
1178,2011-08-19 07:00:01,0.468629026368,0.0,0
1179,2011-08-19 08:00:01,0.578231585846,0.0,0
1180,2011-08-19 09:00:01,0.654648474223,0.0,0
1181,2011-08-19 10:00:01,0.59239963224,0.0,0
1182,2011-08-19 11:00:01,0.632796894433,0.0,0
1183,2011-08-19 12:00:01,0.654688066566,0.0,0
1184,2011-08-19 13:00:01,0.860451897115,0.0,0
1185,2011-08-19 14:00:01,0.568877159379,0.0,0
1186,2011-08-19 15:00:01,0.548794271092,0.0,0
1187,2011-08-19 16:00:01,0.43334728228,0.0,0
1188,2011-08-19 17:00:01,0.32739514291,0.0,0
1189,2011-08-19 18:00:01,0.287733789679,0.0,0
1190,2011-08-19 19:00:01,0.333736493864,0.0,0
1191,2011-08-19 20:00:01,0.267481161941,0.0,0
1192,2011-08-19 21:00:01,0.253034377498,0.0,0
1193,2011-08-19 22:00:01,0.279273210119,0.0,0
1194,2011-08-19 23:00:01,0.230464507263,0.0,0
1195,2011-08-20 00:00:01,0.217553267932,0.0,0
1196,2011-08-20 01:00:01,0.222056393582,0.0,0
1197,2011-08-20 02:00:01,0.181206110186,0.0,0
1198,2011-08-20 03:00:01,0.146636380481,0.0,0
1199,2011-08-20 04:00:01,0.175709562939,0.0,0
1200,2011-08-20 05:00:01,0.253476618725,0.0,0
1201,2011-08-20 06:00:01,0.221588241906,0.0,0
1202,2011-08-20 07:00:01,0.40262623301,0.0,0
1203,2011-08-20 08:00:01,0.538118423632,0.0,0
1204,2011-08-20 09:00:01,0.537468938811,0.0,0
1205,2011-08-20 10:00:01,0.556407936321,0.0,0
1206,2011-08-20 11:00:01,0.56064608442,0.0,0
1207,2011-08-20 12:00:01,0.73048260471,0.0,0
1208,2011-08-20 13:00:01,0.6854003862000001,0.0,0
1209,2011-08-20 14:00:01,0.637795142698,0.0,0
1210,2011-08-20 15:00:01,0.490752336998,0.0,0
1211,2011-08-20 16:00:01,0.449458814896,0.0,0
1212,2011-08-20 17:00:01,0.31548826994,0.0,0
1213,2011-08-20 18:00:01,0.27838088113,0.0,0
1214,2011-08-20 19:00:01,0.236309268997,0.0,0
1215,2011-08-20 20:00:01,0.235254469267,0.0,0
1216,2011-08-20 21:00:01,0.220512119377,0.0,0
1217,2011-08-20 22:00:01,0.2324565081370001,0.0,0
1218,2011-08-20 23:00:01,0.240371118336,0.0,0
1219,2011-08-21 00:00:01,0.195062405022,0.0,0
1220,2011-08-21 01:00:01,0.219409444296,0.0,0
1221,2011-08-21 02:00:01,0.1540825309339999,0.0,0
1222,2011-08-21 03:00:01,0.124101873028,0.0,0
1223,2011-08-21 04:00:01,0.161069173093,0.0,0
1224,2011-08-21 05:00:01,0.224335890393,0.0,0
1225,2011-08-21 06:00:01,0.201105728499,0.0,0
1226,2011-08-21 07:00:01,0.327890515953,0.0,0
1227,2011-08-21 08:00:01,0.587823439878,0.0,0
1228,2011-08-21 09:00:01,0.490445812012,0.0,0
1229,2011-08-21 10:00:01,0.523634418667,0.0,0
1230,2011-08-21 11:00:01,0.601553131959,0.0,0
1231,2011-08-21 12:00:01,0.5124155666770001,0.0,0
1232,2011-08-21 13:00:01,0.5304762045220001,0.0,0
1233,2011-08-21 14:00:01,0.493195327382,0.0,0
1234,2011-08-21 15:00:01,0.476013601353,0.0,0
1235,2011-08-21 16:00:01,0.32574985779,0.0,0
1236,2011-08-21 17:00:01,0.261994654275,0.0,0
1237,2011-08-21 18:00:01,0.221285300868,0.0,0
1238,2011-08-21 19:00:01,0.210531741765,0.0,0
1239,2011-08-21 20:00:01,0.201633388977,0.0,0
1240,2011-08-21 21:00:01,0.186981062174,0.0,0
1241,2011-08-21 22:00:01,0.177261959255,0.0,0
1242,2011-08-21 23:00:01,0.1760008182119999,0.0,0
1243,2011-08-22 00:00:01,0.151385433559,0.0,0
1244,2011-08-22 01:00:01,0.136277320086,0.0,0
1245,2011-08-22 02:00:01,0.110605455837,0.0,0
1246,2011-08-22 03:00:01,0.106407187978,0.0,0
1247,2011-08-22 04:00:01,0.123628854559,0.0,0
1248,2011-08-22 05:00:01,0.17403044894,0.0,0
1249,2011-08-22 06:00:01,0.157171522962,0.0,0
1250,2011-08-22 07:00:01,0.294450489663,0.0,0
1251,2011-08-22 08:00:01,0.6671784115730001,0.0,0
1252,2011-08-22 09:00:01,0.5342683922429999,0.0,0
1253,2011-08-22 10:00:01,0.531195462478,0.0,0
1254,2011-08-22 11:00:01,0.527912545288,0.0,0
1255,2011-08-22 12:00:01,0.515761625039,0.0,0
1256,2011-08-22 13:00:01,0.5559720764399999,0.0,0
1257,2011-08-22 14:00:01,0.519979853441,0.0,0
1258,2011-08-22 15:00:01,0.394642121307,0.0,0
1259,2011-08-22 16:00:01,0.373577168902,0.0,0
1260,2011-08-22 17:00:01,0.2985790942,0.0,0
1261,2011-08-22 18:00:01,0.307674114188,0.0,0
1262,2011-08-22 19:00:01,0.340823750741,0.0,0
1263,2011-08-22 20:00:01,0.335536583127,0.0,0
1264,2011-08-22 21:00:01,0.345641197072,0.0,0
1265,2011-08-22 22:00:01,0.273107112762,0.0,0
1266,2011-08-22 23:00:01,0.155089425029,0.0,0
1267,2011-08-23 00:00:01,0.123046532451,0.0,0
1268,2011-08-23 01:00:01,0.1600524216029999,0.0,0
1269,2011-08-23 02:00:01,0.0853665712587,0.0,0
1270,2011-08-23 03:00:01,0.0899181896878,0.0,0
1271,2011-08-23 04:00:01,0.121679410333,0.0,0
1272,2011-08-23 05:00:01,0.171454019149,0.0,0
1273,2011-08-23 06:00:01,0.238440523194,0.0,0
1274,2011-08-23 07:00:01,0.381339486702,0.0,0
1275,2011-08-23 08:00:01,0.82047238811,0.0,0
1276,2011-08-23 09:00:01,0.7725255709559999,0.0,0
1277,2011-08-23 10:00:01,0.692144654921,0.0,0
1278,2011-08-23 11:00:01,0.6134364169550001,0.0,0
1279,2011-08-23 12:00:01,0.572794590446,0.0,0
1280,2011-08-23 13:00:01,0.555439507425,0.0,0
1281,2011-08-23 14:00:01,0.665397594531,0.0,0
1282,2011-08-23 15:00:01,0.458677384758,0.0,0
1283,2011-08-23 16:00:01,0.272270417989,0.0,0
1284,2011-08-23 17:00:01,0.327019749338,0.0,0
1285,2011-08-23 18:00:01,0.290489487183,0.0,0
1286,2011-08-23 19:00:01,0.279222240278,0.0,0
1287,2011-08-23 20:00:01,0.233345064394,0.0,0
1288,2011-08-23 21:00:01,0.226307303822,0.0,0
1289,2011-08-23 22:00:01,0.258378562796,0.0,0
1290,2011-08-23 23:00:01,0.176908471716,0.0,0
1291,2011-08-24 00:00:01,0.245062179956,0.0,0
1292,2011-08-24 01:00:01,0.172705171911,0.0,0
1293,2011-08-24 02:00:01,0.136768867789,0.0,0
1294,2011-08-24 03:00:01,0.0966510269546,0.0,0
1295,2011-08-24 04:00:01,0.118956597201,0.0,0
1296,2011-08-24 05:00:01,0.160615189472,0.0,0
1297,2011-08-24 06:00:01,0.199960472355,0.0,0
1298,2011-08-24 07:00:01,0.361688633264,0.0,0
1299,2011-08-24 08:00:01,0.533729073915,0.0,0
1300,2011-08-24 09:00:01,0.732902126515,0.0,0
1301,2011-08-24 10:00:01,0.412975208722,0.0,0
1302,2011-08-24 11:00:01,0.54914424154,0.0,0
1303,2011-08-24 12:00:01,0.408489668886,0.0,0
1304,2011-08-24 12:00:01,0.461744524861,0.0,0
1305,2011-08-24 13:00:01,0.486782694693,0.0,0
1306,2011-08-24 14:00:01,0.443630395224,0.0,0
1307,2011-08-24 15:00:01,0.395182983036,0.0,0
1308,2011-08-24 16:00:01,0.31286904473,0.0,0
1309,2011-08-24 17:00:01,0.3593531792539999,0.0,0
1310,2011-08-24 18:00:01,0.393515741335,0.0,0
1311,2011-08-24 19:00:01,0.344992829914,0.0,0
1312,2011-08-24 20:00:01,0.269384611013,0.0,0
1313,2011-08-24 21:00:01,0.407613767872,0.0,0
1314,2011-08-24 22:00:01,0.173129266121,0.0,0
1315,2011-08-24 23:00:01,0.216109054976,0.0,0
1316,2011-08-25 00:00:01,0.175930985902,0.0,0
1317,2011-08-25 01:00:01,0.169038558828,0.0,0
1318,2011-08-25 02:00:01,0.147807538989,0.0,0
1319,2011-08-25 03:00:01,0.105627064622,0.0,0
1320,2011-08-25 04:00:01,0.000385004945833,0.0,0
1321,2011-08-25 05:00:01,0.461301616821,0.0,0
1322,2011-08-25 06:00:01,0.233271621264,0.0,0
1323,2011-08-25 07:00:01,0.468516100264,0.0,0
1324,2011-08-25 08:00:01,0.581226855579,0.0,0
1325,2011-08-25 09:00:01,0.6346190110100001,0.0,0
1326,2011-08-25 10:00:01,0.566099898297,0.0,0
1327,2011-08-25 11:00:01,0.493856166154,0.0,0
1328,2011-08-25 12:00:01,0.510208394978,0.0,0
1329,2011-08-25 13:00:01,0.598881695115,0.0,0
1330,2011-08-25 14:00:01,0.470719757998,0.0,0
1331,2011-08-25 15:00:01,0.487960478101,0.0,0
1332,2011-08-25 16:00:01,0.40945390361,0.0,0
1333,2011-08-25 17:00:01,0.398078876882,0.0,0
1334,2011-08-25 18:00:01,0.28019152332,0.0,0
1335,2011-08-25 19:00:01,0.241039451792,0.0,0
1336,2011-08-25 20:00:01,0.381863230297,0.0,0
1337,2011-08-25 21:00:01,0.245432579188,0.0,0
1338,2011-08-25 22:00:01,0.234515320987,0.0,0
1339,2011-08-25 23:00:01,0.206420721247,0.0,0
1340,2011-08-26 00:00:01,0.172429499479,0.0,0
1341,2011-08-26 01:00:01,0.159241958671,0.0,0
1342,2011-08-26 02:00:01,0.155278229609,0.0,0
1343,2011-08-26 03:00:01,0.118453611679,0.0,0
1344,2011-08-26 04:00:01,0.240569535561,0.0,0
1345,2011-08-26 05:00:01,0.22545800559,0.0,0
1346,2011-08-26 06:00:01,0.279070573154,0.0,0
1347,2011-08-26 07:00:01,0.56754661185,0.0,0
1348,2011-08-26 08:00:01,0.561253351042,0.0,0
1349,2011-08-26 09:00:01,0.641437375228,0.0,0
1350,2011-08-26 10:00:01,0.820133388912,0.0,0
1351,2011-08-26 11:00:01,0.493383546972,0.0,0
1352,2011-08-26 12:00:01,0.547982528587,0.0,0
1353,2011-08-26 13:00:01,0.622099310054,0.0,0
1354,2011-08-26 14:00:01,0.512080118077,0.0,0
1355,2011-08-26 15:00:01,0.507217005562,0.0,0
1356,2011-08-26 16:00:01,0.4891089108910001,0.0,0
1357,2011-08-26 17:00:01,0.424249760079,0.0,0
1358,2011-08-26 18:00:01,0.412710194262,0.0,0
1359,2011-08-26 19:00:01,0.34001279045,0.0,0
1360,2011-08-26 20:00:01,0.326853774051,0.0,0
1361,2011-08-26 21:00:01,0.28062583972,0.0,0
1362,2011-08-26 22:00:01,0.252289920805,0.0,0
1363,2011-08-26 23:00:01,0.291602799682,0.0,0
1364,2011-08-27 00:00:01,0.215436933318,0.0,0
1365,2011-08-27 01:00:01,0.220260936301,0.0,0
1366,2011-08-27 02:00:01,0.186717041518,0.0,0
1367,2011-08-27 03:00:01,0.176219012927,0.0,0
1368,2011-08-27 04:00:01,0.231765575966,0.0,0
1369,2011-08-27 05:00:01,0.275286303963,0.0,0
1370,2011-08-27 06:00:01,0.264370483326,0.0,0
1371,2011-08-27 07:00:01,0.400318162503,0.0,0
1372,2011-08-27 08:00:01,0.622545622546,0.0,0
1373,2011-08-27 09:00:01,0.633239680138,0.0,0
1374,2011-08-27 10:00:01,0.6500448710450001,0.0,0
1375,2011-08-27 11:00:01,0.7340084939560001,0.0,0
1376,2011-08-27 12:00:01,0.598190302441,0.0,0
1377,2011-08-27 13:00:01,0.633516598232,0.0,0
1378,2011-08-27 14:00:01,0.475215553114,0.0,0
1379,2011-08-27 15:00:01,0.463420456765,0.0,0
1380,2011-08-27 16:00:01,0.386224238408,0.0,0
1381,2011-08-27 17:00:01,0.328932749121,0.0,0
1382,2011-08-27 18:00:01,0.322341586383,0.0,0
1383,2011-08-27 19:00:01,0.314598024411,0.0,0
1384,2011-08-27 20:00:01,0.298952180319,0.0,0
1385,2011-08-27 21:00:01,0.294076404898,0.0,0
1386,2011-08-27 22:00:01,0.246401440725,0.0,0
1387,2011-08-27 23:00:01,0.235950187027,0.0,0
1388,2011-08-28 00:00:01,0.207632234838,0.0,0
1389,2011-08-28 01:00:01,0.1689885873319999,0.0,0
1390,2011-08-28 02:00:01,0.141435536447,0.0,0
1391,2011-08-28 03:00:01,0.126585685019,0.0,0
1392,2011-08-28 04:00:01,0.183147548843,0.0,0
1393,2011-08-28 05:00:01,0.2020204139,0.0,0
1394,2011-08-28 06:00:01,0.255996614921,0.0,0
1395,2011-08-28 07:00:01,0.29123345193,0.0,0
1396,2011-08-28 08:00:01,0.540378503706,0.0,0
1397,2011-08-28 09:00:01,0.527062539326,0.0,0
1398,2011-08-28 10:00:01,0.549995516097,0.0,0
1399,2011-08-28 11:00:01,0.55179662353,0.0,0
1400,2011-08-28 12:00:01,0.599372992958,0.0,0
1401,2011-08-28 13:00:01,0.559588399094,0.0,0
1402,2011-08-28 14:00:01,0.511762469039,0.0,0
1403,2011-08-28 15:00:01,0.423079453978,0.0,0
1404,2011-08-28 16:00:01,0.36398231864,0.0,0
1405,2011-08-28 17:00:01,0.316098691924,0.0,0
1406,2011-08-28 18:00:01,0.266430646333,0.0,0
1407,2011-08-28 19:00:01,0.239828768926,0.0,0
1408,2011-08-28 20:00:01,0.193407373847,0.0,0
1409,2011-08-28 21:00:01,0.208397747608,0.0,0
1410,2011-08-28 22:00:01,0.21315769397,0.0,0
1411,2011-08-28 23:00:01,0.182707732595,0.0,0
1412,2011-08-29 00:00:01,0.148677099386,0.0,0
1413,2011-08-29 01:00:01,0.122675363449,0.0,0
1414,2011-08-29 02:00:01,0.109181934384,0.0,0
1415,2011-08-29 03:00:01,0.0892852563938,0.0,0
1416,2011-08-29 04:00:01,0.124574945593,0.0,0
1417,2011-08-29 05:00:01,0.176364561503,0.0,0
1418,2011-08-29 06:00:01,0.202152459227,0.0,0
1419,2011-08-29 07:00:01,0.33298712252,0.0,0
1420,2011-08-29 08:00:01,0.534548955745,0.0,0
1421,2011-08-29 09:00:01,0.64617045722,0.0,0
1422,2011-08-29 10:00:01,0.676532123822,0.0,0
1423,2011-08-29 11:00:01,0.4893831951430001,0.0,0
1424,2011-08-29 12:00:01,0.4019427973800001,0.0,0
1425,2011-08-29 13:00:01,0.54963816923,0.0,0
1426,2011-08-29 14:00:01,0.434075134761,0.0,0
1427,2011-08-29 15:00:01,0.4350519448040001,0.0,0
1428,2011-08-29 16:00:01,0.431632394009,0.0,0
1429,2011-08-29 17:00:01,0.330456971831,0.0,0
1430,2011-08-29 18:00:01,0.301809771023,0.0,0
1431,2011-08-29 19:00:01,0.350951347332,0.0,0
1432,2011-08-29 20:00:01,0.25222889109,0.0,0
1433,2011-08-29 21:00:01,0.241087185555,0.0,0
1434,2011-08-29 22:00:01,0.241589040418,0.0,0
1435,2011-08-29 23:00:01,0.281068471368,0.0,0
1436,2011-08-30 00:00:01,0.206532492386,0.0,0
1437,2011-08-30 01:00:01,0.152663766787,0.0,0
1438,2011-08-30 02:00:01,0.131335780603,0.0,0
1439,2011-08-30 03:00:01,0.109843853676,0.0,0
1440,2011-08-30 04:00:01,0.25651510021,0.0,0
1441,2011-08-30 05:00:01,0.311446035534,0.0,0
1442,2011-08-30 06:00:01,0.283640212075,0.0,0
1443,2011-08-30 07:00:01,0.44263013013,0.0,0
1444,2011-08-30 08:00:01,0.648082483225,0.0,0
1445,2011-08-30 09:00:01,0.791351906205,0.0,0
1446,2011-08-30 10:00:01,0.418384632595,0.0,0
1447,2011-08-30 11:00:01,0.448443602516,0.0,0
1448,2011-08-30 12:00:01,0.435691108365,0.0,0
1449,2011-08-30 13:00:01,0.439349301909,0.0,0
1450,2011-08-30 14:00:01,0.326906301027,0.0,0
1451,2011-08-30 15:00:01,0.447574697018,0.0,0
1452,2011-08-30 16:00:01,0.4682634356,0.0,0
1453,2011-08-30 17:00:01,0.3622898945750001,0.0,0
1454,2011-08-30 18:00:01,0.3538050999,0.0,0
1455,2011-08-30 19:00:01,0.356699998273,0.0,0
1456,2011-08-30 20:00:01,0.354342033138,0.0,0
1457,2011-08-30 21:00:01,0.300823483278,0.0,0
1458,2011-08-30 22:00:01,0.255876324836,0.0,0
1459,2011-08-30 23:00:01,0.263742533346,0.0,0
1460,2011-08-31 00:00:01,0.241733293219,0.0,0
1461,2011-08-31 01:00:01,0.187582254993,0.0,0
1462,2011-08-31 02:00:01,0.162264258936,0.0,0
1463,2011-08-31 03:00:01,0.144376676817,0.0,0
1464,2011-08-31 04:00:01,0.231260053619,0.0,0
1465,2011-08-31 05:00:01,0.456911647336,0.0,0
1466,2011-08-31 06:00:01,0.329230985394,0.0,0
1467,2011-08-31 07:00:01,0.39677837734,0.0,0
1468,2011-08-31 08:00:01,0.621348463494,0.0,0
1469,2011-08-31 09:00:01,0.533931484502,0.0,0
1470,2011-08-31 10:00:01,0.537277018546,0.0,0
1471,2011-08-31 11:00:01,0.450036545891,0.0,0
1472,2011-08-31 12:00:01,0.57521395655,0.0,0
1473,2011-08-31 13:00:01,0.43598099531,0.0,0
1474,2011-08-31 14:00:01,0.482761582341,0.0,0
1475,2011-08-31 15:00:01,0.394738224019,0.0,0
1476,2011-08-31 16:00:01,0.421161390641,0.0,0
1477,2011-08-31 17:00:01,0.361342866699,0.0,0
1478,2011-08-31 18:00:01,0.408855917468,0.0,0
1479,2011-08-31 19:00:01,0.493310546466,0.0,0
1480,2011-08-31 20:00:01,0.491194901203,0.0,0
1481,2011-08-31 21:00:01,0.494053140395,0.0,0
1482,2011-08-31 22:00:01,0.342674749528,0.0,0
1483,2011-08-31 23:00:01,0.344078797404,0.0,0
1484,2011-09-01 00:00:01,0.216449062676,0.0,0
1485,2011-09-01 01:00:01,0.197612674167,0.0,0
1486,2011-09-01 02:00:01,0.157555506338,0.0,0
1487,2011-09-01 03:00:01,0.129452284039,0.0,0
1488,2011-09-01 04:00:01,0.265415755215,0.0,0
1489,2011-09-01 05:00:01,0.414916925324,0.0,0
1490,2011-09-01 06:00:01,0.436399536493,0.0,0
1491,2011-09-01 07:00:01,0.510638297872,0.0,0
1492,2011-09-01 08:00:01,0.667334565042,0.0,0
1493,2011-09-01 09:00:01,0.683456790123,0.0,0
1494,2011-09-01 10:00:01,0.7368303890860001,0.0,0
1495,2011-09-01 11:00:01,0.572532679915,0.0,0
1496,2011-09-01 12:00:01,0.420446983591,0.0,0
1497,2011-09-01 13:00:01,0.528570163362,0.0,0
1498,2011-09-01 14:00:01,0.412298289967,0.0,0
1499,2011-09-01 15:00:01,0.490840855649,0.0,0
1500,2011-09-01 16:00:01,0.428572872891,0.0,0
1501,2011-09-01 17:00:01,0.344159041135,0.0,0
1502,2011-09-01 18:00:01,0.362985835006,0.0,0
1503,2011-09-02 15:00:01,0.29474600602,0.0,0
1504,2011-09-02 16:00:01,0.485279887016,0.0,0
1505,2011-09-02 17:00:01,0.41176305761,0.0,0
1506,2011-09-02 18:00:01,0.4103216294650001,0.0,0
1507,2011-09-02 19:00:01,0.361436552275,0.0,0
1508,2011-09-02 20:00:01,0.330957212541,0.0,0
1509,2011-09-02 21:00:01,0.276432333565,0.0,0
1510,2011-09-02 22:00:01,0.291694292981,0.0,0
1511,2011-09-02 23:00:01,0.301794690505,0.0,0
1512,2011-09-03 00:00:01,0.291617242099,0.0,0
1513,2011-09-03 01:00:01,0.277953194651,0.0,0
1514,2011-09-03 02:00:01,0.248127176169,0.0,0
1515,2011-09-03 03:00:01,0.169511707947,0.0,0
1516,2011-09-03 04:00:01,0.249690391588,0.0,0
1517,2011-09-03 05:00:01,0.385299625468,0.0,0
1518,2011-09-03 06:00:01,0.384656257837,0.0,0
1519,2011-09-03 07:00:01,0.376194161285,0.0,0
1520,2011-09-03 08:00:01,0.578187102424,0.0,0
1521,2011-09-03 09:00:01,0.729936189191,0.0,0
1522,2011-09-03 10:00:01,0.673216449006,0.0,0
1523,2011-09-03 11:00:01,0.6125400140899999,0.0,0
1524,2011-09-03 12:00:01,0.6414458541260001,0.0,0
1525,2011-09-03 13:00:01,0.588598734069,0.0,0
1526,2011-09-03 14:00:01,0.570395805255,0.0,0
1527,2011-09-03 15:00:01,0.472354497354,0.0,0
1528,2011-09-03 16:00:01,0.37974110345,0.0,0
1529,2011-09-03 17:00:01,0.350129181052,0.0,0
1530,2011-09-03 18:00:01,0.275710950256,0.0,0
1531,2011-09-03 19:00:01,0.28777674021,0.0,0
1532,2011-09-03 20:00:01,0.265807976651,0.0,0
1533,2011-09-03 21:00:01,0.278050562952,0.0,0
1534,2011-09-03 22:00:01,0.28659804327,0.0,0
1535,2011-09-03 23:00:01,0.262018924352,0.0,0
1536,2011-09-04 00:00:01,0.259513603461,0.0,0
1537,2011-09-04 01:00:01,0.246324607821,0.0,0
1538,2011-09-04 02:00:01,0.209808549698,0.0,0
1539,2011-09-04 03:00:01,0.17836460505,0.0,0
1540,2011-09-04 04:00:01,0.245289560099,0.0,0
1541,2011-09-04 05:00:01,0.344276292442,0.0,0
1542,2011-09-04 06:00:01,0.306586474989,0.0,0
1543,2011-09-04 07:00:01,0.430391276139,0.0,0
1544,2011-09-04 08:00:01,0.547901341411,0.0,0
1545,2011-09-04 09:00:01,0.641821064842,0.0,0
1546,2011-09-04 10:00:01,0.81641030904,0.0,0
1547,2011-09-04 11:00:01,0.6708885810409999,0.0,0
1548,2011-09-04 12:00:01,0.614528069363,0.0,0
1549,2011-09-04 13:00:01,0.612822169574,0.0,0
1550,2011-09-04 14:00:01,0.579268292683,0.0,0
1551,2011-09-04 15:00:01,0.485615808491,0.0,0
1552,2011-09-04 16:00:01,0.402082460157,0.0,0
1553,2011-09-04 17:00:01,0.375212989741,0.0,0
1554,2011-09-04 18:00:01,0.307740145091,0.0,0
1555,2011-09-04 19:00:01,0.27382792936,0.0,0
1556,2011-09-04 20:00:01,0.246910383732,0.0,0
1557,2011-09-04 21:00:01,0.228353890665,0.0,0
1558,2011-09-04 22:00:01,0.233535193639,0.0,0
1559,2011-09-04 23:00:01,0.215548571638,0.0,0
1560,2011-09-05 00:00:01,0.225015080971,0.0,0
1561,2011-09-05 01:00:01,0.209993129869,0.0,0
1562,2011-09-05 02:00:01,0.1531325184599999,0.0,0
1563,2011-09-05 03:00:01,0.119231002264,0.0,0
1564,2011-09-05 04:00:01,0.1657320178669999,0.0,0
1565,2011-09-05 05:00:01,0.230474174382,0.0,0
1566,2011-09-05 06:00:01,0.233619482907,0.0,0
1567,2011-09-05 07:00:01,0.284188650927,0.0,0
1568,2011-09-05 08:00:01,0.550548728064,0.0,0
1569,2011-09-05 09:00:01,0.728971054847,0.0,0
1570,2011-09-05 10:00:01,0.530146611013,0.0,0
1571,2011-09-05 11:00:01,0.6796917996699999,0.0,0
1572,2011-09-05 12:00:01,0.56956630077,0.0,0
1573,2011-09-05 13:00:01,0.5581412529550001,0.0,0
1574,2011-09-05 14:00:01,0.503757754924,0.0,0
1575,2011-09-05 15:00:01,0.387006146845,0.0,0
1576,2011-09-05 16:00:01,0.360744566447,0.0,0
1577,2011-09-05 17:00:01,0.262992239088,0.0,0
1578,2011-09-05 18:00:01,0.266060699999,0.0,0
1579,2011-09-05 19:00:01,0.240317359828,0.0,0
1580,2011-09-05 20:00:01,0.226144185194,0.0,0
1581,2011-09-05 21:00:01,0.20473812416,0.0,0
1582,2011-09-05 22:00:01,0.1740438180909999,0.0,0
1583,2011-09-05 23:00:01,0.172111187824,0.0,0
1584,2011-09-06 00:00:01,0.181676539327,0.0,0
1585,2011-09-06 01:00:01,0.166772823961,0.0,0
1586,2011-09-06 02:00:01,0.105305627274,0.0,0
1587,2011-09-06 03:00:01,0.0892502429895,0.0,0
1588,2011-09-06 04:00:01,0.163954560416,0.0,0
1589,2011-09-06 05:00:01,0.188989727735,0.0,0
1590,2011-09-06 06:00:01,0.215441237057,0.0,0
1591,2011-09-06 07:00:01,0.445466462263,0.0,0
1592,2011-09-06 08:00:01,0.514810677555,0.0,0
1593,2011-09-06 09:00:01,0.497141778106,0.0,0
1594,2011-09-06 10:00:01,0.6016060525620001,0.0,0
1595,2011-09-06 11:00:01,0.400448117791,0.0,0
1596,2011-09-06 12:00:01,0.385146130933,0.0,0
1597,2011-09-06 13:00:01,0.451650113231,0.0,0
1598,2011-09-06 14:00:01,0.414082425226,0.0,0
1599,2011-09-06 15:00:01,0.425809421513,0.0,0
1600,2011-09-06 16:00:01,0.342556508184,0.0,0
1601,2011-09-06 17:00:01,0.325499873346,0.0,0
1602,2011-09-06 18:00:01,0.180503882346,0.0,0
1603,2011-09-06 19:00:01,0.557667699041,0.0,0
1604,2011-09-06 20:00:01,0.367222540787,0.0,0
1605,2011-09-06 21:00:01,0.464463472743,0.0,0
1606,2011-09-06 22:00:01,0.327087544384,0.0,0
1607,2011-09-06 23:00:01,0.277730265483,0.0,0
1608,2011-09-07 00:00:01,0.288533644404,0.0,0
1609,2011-09-07 01:00:01,0.2231056289,0.0,0
1610,2011-09-07 02:00:01,0.151394339798,0.0,0
1611,2011-09-07 03:00:01,0.133753737139,0.0,0
1612,2011-09-07 04:00:01,0.153141093435,0.0,0
1613,2011-09-07 05:00:01,0.240614655527,0.0,0
1614,2011-09-07 06:00:01,0.307711918419,0.0,0
1615,2011-09-07 07:00:01,0.391228851975,0.0,0
1616,2011-09-07 08:00:01,0.562866797083,0.0,0
1617,2011-09-07 09:00:01,0.572038880615,0.0,0
1618,2011-09-07 10:00:01,0.587186345688,0.0,0
1619,2011-09-07 11:00:01,0.343989530753,0.0,0
1620,2011-09-07 12:00:01,0.404890624699,0.0,0
1621,2011-09-07 13:00:01,0.441900001126,0.0,0
1622,2011-09-07 14:00:01,0.285779485034,0.0,0
1623,2011-09-07 15:00:01,0.378583558086,0.0,0
